epoch,load1,load5,cpu_user,cpu_sys,cpu_idle,mem_used_mb,mem_free_mb,postgres_connections,gunicorn_rss_kb
1791628967,3.08,4.12,17.97,15.39,66.63,23G,7540,3
990224,,,,
1791628974,3.95,4.27,40.51,15.87,43.61,23G,7630,1
1142384,,,,
1791628982,3.96,4.26,15.77,13.56,70.66,23G,7624,1
1144032,,,,
1791628989,3.88,4.24,29.18,14.59,56.21,23G,7746,4
1327200,,,,
1791628997,3.95,4.25,12.77,11.85,75.36,23G,7736,1
1296288,,,,
1791629005,3.88,4.23,10.99,13.6,75.93,23G,7733,3
1296992,,,,
1791629012,3.81,4.20,20.22,11.98,67.79,23G,7749,1
1293920,,,,
1791629019,3.68,4.16,16.66,16.47,66.85,23G,7749,1
1293376,,,,
1791629027,3.70,4.16,18.49,15.14,66.36,23G,7776,2
1223200,,,,
1791629034,3.89,4.19,21.19,12.25,66.54,23G,7764,2
1215664,,,,
1791629041,3.74,4.15,29.41,17.42,53.16,23G,7857,3
1214512,,,,
1791629049,3.85,4.16,36.96,13.52,49.51,23G,7869,2
1295248,,,,
1791629056,3.62,4.11,35.76,13.99,50.23,23G,8020,2
1173312,,,,
1791629064,3.61,4.09,19.49,13.55,66.94,23G,7985,1
1253456,,,,
1791629071,4.36,4.24,16.22,13.54,70.23,23G,7962,2
1251408,,,,
1791629078,4.08,4.18,38.34,14.88,46.76,23G,7840,2
1256784,,,,
1791629088,3.98,4.16,16.73,11.47,71.79,23G,7835,2
1321120,,,,
1791629095,3.90,4.14,7.90,11.27,80.81,23G,7883,1
1314784,,,,
1791629102,3.67,4.08,19.98,11.23,68.78,23G,7877,1
1308496,,,,
1791629109,3.71,4.08,20.55,12.68,66.76,23G,7959,1
1313776,,,,
1791629117,3.66,4.06,24.22,14.46,61.31,23G,7943,4
1312768,,,,
1791629124,3.72,4.06,25.84,16.69,57.46,23G,8330,3
1294880,,,,
1791629132,3.66,4.04,12.4,12.97,74.97,23G,8219,4
1215536,,,,
1791629139,4.13,4.12,15.16,13.27,71.56,23G,8177,1
1203104,,,,
1791629146,3.96,4.09,22.83,11.65,65.50,23G,8130,2
1203104,,,,
1791629154,4.78,4.26,17.55,11.88,70.56,23G,8114,2
1201296,,,,
1791629161,4.64,4.24,27.20,13.84,58.95,23G,8124,3
1201072,,,,
1791629168,4.31,4.19,32.17,12.57,55.24,23G,8219,2
1248688,,,,
1791629176,4.12,4.15,15.83,13.99,70.16,23G,8372,4
1302016,,,,
1791629183,4.57,4.24,26.25,15.2,58.72,23G,8301,1
1302496,,,,
1791629190,4.76,4.29,12.2,13.32,74.65,23G,8263,1
1225776,,,,
1791629198,4.56,4.26,10.84,12.60,76.55,23G,8262,2
1230640,,,,
1791629205,4.36,4.22,34.28,12.94,52.76,23G,8185,4
1205136,,,,
1791629212,4.25,4.20,29.20,13.53,57.26,23G,8175,1
1355728,,,,
1791629220,4.67,4.29,18.54,11.92,69.53,23G,8164,2
1401664,,,,
1791629227,4.61,4.29,15.82,13.31,70.85,23G,8164,1
1368928,,,,
1791629234,4.06,4.18,15.73,12.32,71.94,23G,8154,2
1294752,,,,
1791629242,4.13,4.19,30.63,15.31,54.4,23G,8163,2
1280528,,,,
1791629249,4.41,4.25,13.36,12.21,74.42,23G,8133,2
1269136,,,,
1791629256,4.22,4.21,15.91,12.2,72.6,23G,8120,3
1263904,,,,
1791629264,3.95,4.16,20.68,13.85,65.46,23G,8212,2
1308304,,,,
