name,path,status_code,elapsed_ms,query_count,sql_ms,response_bytes
auth/me,/api/auth/me,200,37.64,17,22.0,4302
dashboard/home-meta,/api/dashboard/home/meta/,200,66.62,41,36.0,14487
sales/invoices,/api/sales/invoices/,200,4657.96,31,191.0,14734470
sales/invoices-lookup,/api/sales/invoices/lookup/,200,69.97,31,30.0,49324
sales/service-invoices-lookup,/api/sales/service-invoices/lookup/,200,89.97,31,52.0,49473
purchase/invoices,/api/purchase/purchase-invoices/,SKIPPED,None,None,None,0
purchase/invoices-lookup,/api/purchase/purchase-invoices/lookup/,200,58.97,17,42.0,48681
purchase/service-invoices-lookup,/api/purchase/purchase-service-invoices/lookup/,200,49.44,17,28.0,49411
payments/vouchers-lookup,/api/payments/payment-vouchers/lookup/,200,117.05,18,57.0,60990
receipts/vouchers-lookup,/api/receipts/receipt-vouchers/lookup/,200,107.39,18,48.0,61739
reports/payables/meta,/api/reports/payables/meta/,200,164.51,31,79.0,466662
reports/payables/aging,/api/reports/payables/aging/,200,665.33,41,326.0,1920162
reports/payables/vendor-outstanding,/api/reports/payables/vendor-outstanding/,200,7440.61,42,408.0,161793
reports/receivables/customer-outstanding,/api/reports/receivables/customer-outstanding/,200,540.72,42,217.0,106436
reports/receivables/aging,/api/reports/receivables/aging/,200,1750.89,37,198.0,80124
reports/receivables/open-items,/api/reports/receivables/open-items/,200,6833.5,37,549.0,77630
reports/financial/trial-balance,/api/reports/financial/trial-balance/,200,793.13,36,281.0,19728
reports/financial/ledger-summary,/api/reports/financial/ledger-summary/,200,643.78,34,226.0,22423
reports/financial/daybook,/api/reports/financial/daybook/,200,3004.64,34,2933.0,35528
reports/gstr1/summary,/api/reports/gstr1/summary/,200,456.23,37,383.0,62593
