timestamp,role,pid,ppid,cpu_pct,mem_pct,rss_kb,state,command,pg_total_connections,pg_active_connections,pg_idle_in_txn,pg_waiting_connections,pg_oldest_active_seconds,pg_locks_not_granted,pg_database_conflicts,pg_deadlocks,pg_blks_read,pg_blks_hit,pg_temp_bytes
2026-10-10T11:27:28.409238+00:00,app,65349,2547,0.0,0.1,23184,Ss,/opt/homebrew/Cellar/python@3.12/3.12.12_2/Frameworks/Python.framework/Versions/3.12/Resources/Python.app/Contents/MacOS/Python venv/bin/gunicorn FA.wsgi:application --bind 127.0.0,2,1,0,1,0.0,0,0,0,356273296,34512080721,545417975267
2026-10-10T11:27:28.409238+00:00,app,65356,65349,20.7,0.9,217888,S,/opt/homebrew/Cellar/python@3.12/3.12.12_2/Frameworks/Python.framework/Versions/3.12/Resources/Python.app/Contents/MacOS/Python venv/bin/gunicorn FA.wsgi:application --bind 127.0.0,2,1,0,1,0.0,0,0,0,356273296,34512080721,545417975267
2026-10-10T11:27:28.409238+00:00,app,65357,65349,0.0,0.9,224256,S,/opt/homebrew/Cellar/python@3.12/3.12.12_2/Frameworks/Python.framework/Versions/3.12/Resources/Python.app/Contents/MacOS/Python venv/bin/gunicorn FA.wsgi:application --bind 127.0.0,2,1,0,1,0.0,0,0,0,356273296,34512080721,545417975267
2026-10-10T11:27:28.409238+00:00,app,65358,65349,0.0,0.9,220896,S,/opt/homebrew/Cellar/python@3.12/3.12.12_2/Frameworks/Python.framework/Versions/3.12/Resources/Python.app/Contents/MacOS/Python venv/bin/gunicorn FA.wsgi:application --bind 127.0.0,2,1,0,1,0.0,0,0,0,356273296,34512080721,545417975267
2026-10-10T11:27:28.409238+00:00,loadgen,65789,65781,11.6,0.3,68416,S,/opt/homebrew/Cellar/python@3.12/3.12.12_2/Frameworks/Python.framework/Versions/3.12/Resources/Python.app/Contents/MacOS/Python venv/bin/locust -f perf/locust/locustfile.py --headl,2,1,0,1,0.0,0,0,0,356273296,34512080721,545417975267
2026-10-10T11:27:30.515976+00:00,app,65349,2547,0.0,0.1,23184,Ss,/opt/homebrew/Cellar/python@3.12/3.12.12_2/Frameworks/Python.framework/Versions/3.12/Resources/Python.app/Contents/MacOS/Python venv/bin/gunicorn FA.wsgi:application --bind 127.0.0,2,1,0,1,0.0,0,0,0,356290635,34512138800,545417975267
2026-10-10T11:27:30.515976+00:00,app,65356,65349,0.3,0.9,217424,S,/opt/homebrew/Cellar/python@3.12/3.12.12_2/Frameworks/Python.framework/Versions/3.12/Resources/Python.app/Contents/MacOS/Python venv/bin/gunicorn FA.wsgi:application --bind 127.0.0,2,1,0,1,0.0,0,0,0,356290635,34512138800,545417975267
2026-10-10T11:27:30.515976+00:00,app,65357,65349,64.2,0.9,229088,R,/opt/homebrew/Cellar/python@3.12/3.12.12_2/Frameworks/Python.framework/Versions/3.12/Resources/Python.app/Contents/MacOS/Python venv/bin/gunicorn FA.wsgi:application --bind 127.0.0,2,1,0,1,0.0,0,0,0,356290635,34512138800,545417975267
2026-10-10T11:27:30.515976+00:00,app,65358,65349,2.2,0.9,219856,S,/opt/homebrew/Cellar/python@3.12/3.12.12_2/Frameworks/Python.framework/Versions/3.12/Resources/Python.app/Contents/MacOS/Python venv/bin/gunicorn FA.wsgi:application --bind 127.0.0,2,1,0,1,0.0,0,0,0,356290635,34512138800,545417975267
2026-10-10T11:27:30.515976+00:00,loadgen,65789,65781,0.3,0.3,77024,S,/opt/homebrew/Cellar/python@3.12/3.12.12_2/Frameworks/Python.framework/Versions/3.12/Resources/Python.app/Contents/MacOS/Python venv/bin/locust -f perf/locust/locustfile.py --headl,2,1,0,1,0.0,0,0,0,356290635,34512138800,545417975267
2026-10-10T11:27:32.598004+00:00,app,65349,2547,0.0,0.1,23184,Ss,/opt/homebrew/Cellar/python@3.12/3.12.12_2/Frameworks/Python.framework/Versions/3.12/Resources/Python.app/Contents/MacOS/Python venv/bin/gunicorn FA.wsgi:application --bind 127.0.0,1,1,0,0,0.0,0,0,0,356290842,34512237535,545417975267
2026-10-10T11:27:32.598004+00:00,app,65356,65349,4.3,0.9,217440,S,/opt/homebrew/Cellar/python@3.12/3.12.12_2/Frameworks/Python.framework/Versions/3.12/Resources/Python.app/Contents/MacOS/Python venv/bin/gunicorn FA.wsgi:application --bind 127.0.0,1,1,0,0,0.0,0,0,0,356290842,34512237535,545417975267
2026-10-10T11:27:32.598004+00:00,app,65357,65349,2.2,1.0,252704,S,/opt/homebrew/Cellar/python@3.12/3.12.12_2/Frameworks/Python.framework/Versions/3.12/Resources/Python.app/Contents/MacOS/Python venv/bin/gunicorn FA.wsgi:application --bind 127.0.0,1,1,0,0,0.0,0,0,0,356290842,34512237535,545417975267
2026-10-10T11:27:32.598004+00:00,app,65358,65349,0.0,0.9,219936,S,/opt/homebrew/Cellar/python@3.12/3.12.12_2/Frameworks/Python.framework/Versions/3.12/Resources/Python.app/Contents/MacOS/Python venv/bin/gunicorn FA.wsgi:application --bind 127.0.0,1,1,0,0,0.0,0,0,0,356290842,34512237535,545417975267
2026-10-10T11:27:32.598004+00:00,loadgen,65789,65781,0.2,0.3,77872,S,/opt/homebrew/Cellar/python@3.12/3.12.12_2/Frameworks/Python.framework/Versions/3.12/Resources/Python.app/Contents/MacOS/Python venv/bin/locust -f perf/locust/locustfile.py --headl,1,1,0,0,0.0,0,0,0,356290842,34512237535,545417975267
2026-10-10T11:27:34.689865+00:00,app,65349,2547,0.0,0.1,23184,Ss,/opt/homebrew/Cellar/python@3.12/3.12.12_2/Frameworks/Python.framework/Versions/3.12/Resources/Python.app/Contents/MacOS/Python venv/bin/gunicorn FA.wsgi:application --bind 127.0.0,3,2,0,1,0.0,0,0,0,356292313,34512296377,545417975267
2026-10-10T11:27:34.689865+00:00,app,65356,65349,0.0,0.9,217440,S,/opt/homebrew/Cellar/python@3.12/3.12.12_2/Frameworks/Python.framework/Versions/3.12/Resources/Python.app/Contents/MacOS/Python venv/bin/gunicorn FA.wsgi:application --bind 127.0.0,3,2,0,1,0.0,0,0,0,356292313,34512296377,545417975267
2026-10-10T11:27:34.689865+00:00,app,65357,65349,10.3,1.0,252800,R,/opt/homebrew/Cellar/python@3.12/3.12.12_2/Frameworks/Python.framework/Versions/3.12/Resources/Python.app/Contents/MacOS/Python venv/bin/gunicorn FA.wsgi:application --bind 127.0.0,3,2,0,1,0.0,0,0,0,356292313,34512296377,545417975267
2026-10-10T11:27:34.689865+00:00,app,65358,65349,65.5,0.9,223088,S,/opt/homebrew/Cellar/python@3.12/3.12.12_2/Frameworks/Python.framework/Versions/3.12/Resources/Python.app/Contents/MacOS/Python venv/bin/gunicorn FA.wsgi:application --bind 127.0.0,3,2,0,1,0.0,0,0,0,356292313,34512296377,545417975267
2026-10-10T11:27:34.689865+00:00,loadgen,65789,65781,1.0,0.3,82208,S,/opt/homebrew/Cellar/python@3.12/3.12.12_2/Frameworks/Python.framework/Versions/3.12/Resources/Python.app/Contents/MacOS/Python venv/bin/locust -f perf/locust/locustfile.py --headl,3,2,0,1,0.0,0,0,0,356292313,34512296377,545417975267
2026-10-10T11:27:36.770081+00:00,app,65349,2547,0.0,0.1,23184,Ss,/opt/homebrew/Cellar/python@3.12/3.12.12_2/Frameworks/Python.framework/Versions/3.12/Resources/Python.app/Contents/MacOS/Python venv/bin/gunicorn FA.wsgi:application --bind 127.0.0,2,2,0,0,0.0,0,0,0,356306511,34512401611,545417975267
2026-10-10T11:27:36.770081+00:00,app,65356,65349,0.0,0.9,217440,S,/opt/homebrew/Cellar/python@3.12/3.12.12_2/Frameworks/Python.framework/Versions/3.12/Resources/Python.app/Contents/MacOS/Python venv/bin/gunicorn FA.wsgi:application --bind 127.0.0,2,2,0,0,0.0,0,0,0,356306511,34512401611,545417975267
2026-10-10T11:27:36.770081+00:00,app,65357,65349,62.9,1.0,252816,R,/opt/homebrew/Cellar/python@3.12/3.12.12_2/Frameworks/Python.framework/Versions/3.12/Resources/Python.app/Contents/MacOS/Python venv/bin/gunicorn FA.wsgi:application --bind 127.0.0,2,2,0,0,0.0,0,0,0,356306511,34512401611,545417975267
2026-10-10T11:27:36.770081+00:00,app,65358,65349,44.1,1.0,256912,S,/opt/homebrew/Cellar/python@3.12/3.12.12_2/Frameworks/Python.framework/Versions/3.12/Resources/Python.app/Contents/MacOS/Python venv/bin/gunicorn FA.wsgi:application --bind 127.0.0,2,2,0,0,0.0,0,0,0,356306511,34512401611,545417975267
2026-10-10T11:27:36.770081+00:00,loadgen,65789,65781,0.4,0.3,82368,S,/opt/homebrew/Cellar/python@3.12/3.12.12_2/Frameworks/Python.framework/Versions/3.12/Resources/Python.app/Contents/MacOS/Python venv/bin/locust -f perf/locust/locustfile.py --headl,2,2,0,0,0.0,0,0,0,356306511,34512401611,545417975267
2026-10-10T11:27:38.849878+00:00,app,65349,2547,0.0,0.1,23184,Ss,/opt/homebrew/Cellar/python@3.12/3.12.12_2/Frameworks/Python.framework/Versions/3.12/Resources/Python.app/Contents/MacOS/Python venv/bin/gunicorn FA.wsgi:application --bind 127.0.0,1,1,0,0,0.0,0,0,0,356323875,34512531624,545417975267
2026-10-10T11:27:38.849878+00:00,app,65356,65349,0.0,0.9,219552,S,/opt/homebrew/Cellar/python@3.12/3.12.12_2/Frameworks/Python.framework/Versions/3.12/Resources/Python.app/Contents/MacOS/Python venv/bin/gunicorn FA.wsgi:application --bind 127.0.0,1,1,0,0,0.0,0,0,0,356323875,34512531624,545417975267
2026-10-10T11:27:38.849878+00:00,app,65357,65349,2.5,1.0,253856,S,/opt/homebrew/Cellar/python@3.12/3.12.12_2/Frameworks/Python.framework/Versions/3.12/Resources/Python.app/Contents/MacOS/Python venv/bin/gunicorn FA.wsgi:application --bind 127.0.0,1,1,0,0,0.0,0,0,0,356323875,34512531624,545417975267
2026-10-10T11:27:38.849878+00:00,app,65358,65349,39.5,1.0,251104,S,/opt/homebrew/Cellar/python@3.12/3.12.12_2/Frameworks/Python.framework/Versions/3.12/Resources/Python.app/Contents/MacOS/Python venv/bin/gunicorn FA.wsgi:application --bind 127.0.0,1,1,0,0,0.0,0,0,0,356323875,34512531624,545417975267
2026-10-10T11:27:38.849878+00:00,loadgen,65789,65781,0.4,0.3,85168,S,/opt/homebrew/Cellar/python@3.12/3.12.12_2/Frameworks/Python.framework/Versions/3.12/Resources/Python.app/Contents/MacOS/Python venv/bin/locust -f perf/locust/locustfile.py --headl,1,1,0,0,0.0,0,0,0,356323875,34512531624,545417975267
2026-10-10T11:27:40.937440+00:00,app,65349,2547,0.0,0.1,23184,Ss,/opt/homebrew/Cellar/python@3.12/3.12.12_2/Frameworks/Python.framework/Versions/3.12/Resources/Python.app/Contents/MacOS/Python venv/bin/gunicorn FA.wsgi:application --bind 127.0.0,1,1,0,0,0.0,0,0,0,356346151,34512671261,545417975267
2026-10-10T11:27:40.937440+00:00,app,65356,65349,27.3,1.0,260144,S,/opt/homebrew/Cellar/python@3.12/3.12.12_2/Frameworks/Python.framework/Versions/3.12/Resources/Python.app/Contents/MacOS/Python venv/bin/gunicorn FA.wsgi:application --bind 127.0.0,1,1,0,0,0.0,0,0,0,356346151,34512671261,545417975267
2026-10-10T11:27:40.937440+00:00,app,65357,65349,23.6,1.0,259504,S,/opt/homebrew/Cellar/python@3.12/3.12.12_2/Frameworks/Python.framework/Versions/3.12/Resources/Python.app/Contents/MacOS/Python venv/bin/gunicorn FA.wsgi:application --bind 127.0.0,1,1,0,0,0.0,0,0,0,356346151,34512671261,545417975267
2026-10-10T11:27:40.937440+00:00,app,65358,65349,2.3,1.0,251120,S,/opt/homebrew/Cellar/python@3.12/3.12.12_2/Frameworks/Python.framework/Versions/3.12/Resources/Python.app/Contents/MacOS/Python venv/bin/gunicorn FA.wsgi:application --bind 127.0.0,1,1,0,0,0.0,0,0,0,356346151,34512671261,545417975267
2026-10-10T11:27:40.937440+00:00,loadgen,65789,65781,2.3,0.4,88368,S,/opt/homebrew/Cellar/python@3.12/3.12.12_2/Frameworks/Python.framework/Versions/3.12/Resources/Python.app/Contents/MacOS/Python venv/bin/locust -f perf/locust/locustfile.py --headl,1,1,0,0,0.0,0,0,0,356346151,34512671261,545417975267
2026-10-10T11:27:43.024661+00:00,app,65349,2547,0.0,0.1,23184,Ss,/opt/homebrew/Cellar/python@3.12/3.12.12_2/Frameworks/Python.framework/Versions/3.12/Resources/Python.app/Contents/MacOS/Python venv/bin/gunicorn FA.wsgi:application --bind 127.0.0,2,1,1,1,0.0,0,0,0,356348929,34512698743,545417975267
2026-10-10T11:27:43.024661+00:00,app,65356,65349,5.6,1.0,260144,R,/opt/homebrew/Cellar/python@3.12/3.12.12_2/Frameworks/Python.framework/Versions/3.12/Resources/Python.app/Contents/MacOS/Python venv/bin/gunicorn FA.wsgi:application --bind 127.0.0,2,1,1,1,0.0,0,0,0,356348929,34512698743,545417975267
2026-10-10T11:27:43.024661+00:00,app,65357,65349,0.0,1.0,259504,R,/opt/homebrew/Cellar/python@3.12/3.12.12_2/Frameworks/Python.framework/Versions/3.12/Resources/Python.app/Contents/MacOS/Python venv/bin/gunicorn FA.wsgi:application --bind 127.0.0,2,1,1,1,0.0,0,0,0,356348929,34512698743,545417975267
2026-10-10T11:27:43.024661+00:00,app,65358,65349,0.1,1.0,251136,S,/opt/homebrew/Cellar/python@3.12/3.12.12_2/Frameworks/Python.framework/Versions/3.12/Resources/Python.app/Contents/MacOS/Python venv/bin/gunicorn FA.wsgi:application --bind 127.0.0,2,1,1,1,0.0,0,0,0,356348929,34512698743,545417975267
2026-10-10T11:27:43.024661+00:00,loadgen,65789,65781,0.7,0.4,88368,S,/opt/homebrew/Cellar/python@3.12/3.12.12_2/Frameworks/Python.framework/Versions/3.12/Resources/Python.app/Contents/MacOS/Python venv/bin/locust -f perf/locust/locustfile.py --headl,2,1,1,1,0.0,0,0,0,356348929,34512698743,545417975267
2026-10-10T11:27:45.107354+00:00,app,65349,2547,0.0,0.1,23184,Ss,/opt/homebrew/Cellar/python@3.12/3.12.12_2/Frameworks/Python.framework/Versions/3.12/Resources/Python.app/Contents/MacOS/Python venv/bin/gunicorn FA.wsgi:application --bind 127.0.0,2,1,0,1,0.0,0,0,0,356371755,34512808933,545417975267
2026-10-10T11:27:45.107354+00:00,app,65356,65349,0.0,1.0,260144,S,/opt/homebrew/Cellar/python@3.12/3.12.12_2/Frameworks/Python.framework/Versions/3.12/Resources/Python.app/Contents/MacOS/Python venv/bin/gunicorn FA.wsgi:application --bind 127.0.0,2,1,0,1,0.0,0,0,0,356371755,34512808933,545417975267
2026-10-10T11:27:45.107354+00:00,app,65357,65349,0.1,1.0,259568,S,/opt/homebrew/Cellar/python@3.12/3.12.12_2/Frameworks/Python.framework/Versions/3.12/Resources/Python.app/Contents/MacOS/Python venv/bin/gunicorn FA.wsgi:application --bind 127.0.0,2,1,0,1,0.0,0,0,0,356371755,34512808933,545417975267
2026-10-10T11:27:45.107354+00:00,app,65358,65349,54.2,1.0,252672,S,/opt/homebrew/Cellar/python@3.12/3.12.12_2/Frameworks/Python.framework/Versions/3.12/Resources/Python.app/Contents/MacOS/Python venv/bin/gunicorn FA.wsgi:application --bind 127.0.0,2,1,0,1,0.0,0,0,0,356371755,34512808933,545417975267
2026-10-10T11:27:45.107354+00:00,loadgen,65789,65781,1.3,0.4,88672,S,/opt/homebrew/Cellar/python@3.12/3.12.12_2/Frameworks/Python.framework/Versions/3.12/Resources/Python.app/Contents/MacOS/Python venv/bin/locust -f perf/locust/locustfile.py --headl,2,1,0,1,0.0,0,0,0,356371755,34512808933,545417975267
2026-10-10T11:27:47.184104+00:00,app,65349,2547,0.0,0.1,23184,Ss,/opt/homebrew/Cellar/python@3.12/3.12.12_2/Frameworks/Python.framework/Versions/3.12/Resources/Python.app/Contents/MacOS/Python venv/bin/gunicorn FA.wsgi:application --bind 127.0.0,1,1,0,0,0.0,0,0,0,356393080,34512916577,545417975267
2026-10-10T11:27:47.184104+00:00,app,65356,65349,64.3,1.0,248896,S,/opt/homebrew/Cellar/python@3.12/3.12.12_2/Frameworks/Python.framework/Versions/3.12/Resources/Python.app/Contents/MacOS/Python venv/bin/gunicorn FA.wsgi:application --bind 127.0.0,1,1,0,0,0.0,0,0,0,356393080,34512916577,545417975267
2026-10-10T11:27:47.184104+00:00,app,65357,65349,63.6,1.0,248656,S,/opt/homebrew/Cellar/python@3.12/3.12.12_2/Frameworks/Python.framework/Versions/3.12/Resources/Python.app/Contents/MacOS/Python venv/bin/gunicorn FA.wsgi:application --bind 127.0.0,1,1,0,0,0.0,0,0,0,356393080,34512916577,545417975267
2026-10-10T11:27:47.184104+00:00,app,65358,65349,4.7,1.0,252672,S,/opt/homebrew/Cellar/python@3.12/3.12.12_2/Frameworks/Python.framework/Versions/3.12/Resources/Python.app/Contents/MacOS/Python venv/bin/gunicorn FA.wsgi:application --bind 127.0.0,1,1,0,0,0.0,0,0,0,356393080,34512916577,545417975267
2026-10-10T11:27:47.184104+00:00,loadgen,65789,65781,0.4,0.4,88736,S,/opt/homebrew/Cellar/python@3.12/3.12.12_2/Frameworks/Python.framework/Versions/3.12/Resources/Python.app/Contents/MacOS/Python venv/bin/locust -f perf/locust/locustfile.py --headl,1,1,0,0,0.0,0,0,0,356393080,34512916577,545417975267
2026-10-10T11:27:49.262254+00:00,app,65349,2547,0.0,0.1,23184,Ss,/opt/homebrew/Cellar/python@3.12/3.12.12_2/Frameworks/Python.framework/Versions/3.12/Resources/Python.app/Contents/MacOS/Python venv/bin/gunicorn FA.wsgi:application --bind 127.0.0,2,1,0,1,0.0,0,0,0,356393082,34512971586,545417975267
2026-10-10T11:27:49.262254+00:00,app,65356,65349,0.7,1.0,248896,S,/opt/homebrew/Cellar/python@3.12/3.12.12_2/Frameworks/Python.framework/Versions/3.12/Resources/Python.app/Contents/MacOS/Python venv/bin/gunicorn FA.wsgi:application --bind 127.0.0,2,1,0,1,0.0,0,0,0,356393082,34512971586,545417975267
2026-10-10T11:27:49.262254+00:00,app,65357,65349,3.2,1.0,248672,S,/opt/homebrew/Cellar/python@3.12/3.12.12_2/Frameworks/Python.framework/Versions/3.12/Resources/Python.app/Contents/MacOS/Python venv/bin/gunicorn FA.wsgi:application --bind 127.0.0,2,1,0,1,0.0,0,0,0,356393082,34512971586,545417975267
2026-10-10T11:27:49.262254+00:00,app,65358,65349,14.4,1.0,252672,S,/opt/homebrew/Cellar/python@3.12/3.12.12_2/Frameworks/Python.framework/Versions/3.12/Resources/Python.app/Contents/MacOS/Python venv/bin/gunicorn FA.wsgi:application --bind 127.0.0,2,1,0,1,0.0,0,0,0,356393082,34512971586,545417975267
2026-10-10T11:27:49.262254+00:00,loadgen,65789,65781,0.7,0.4,88736,S,/opt/homebrew/Cellar/python@3.12/3.12.12_2/Frameworks/Python.framework/Versions/3.12/Resources/Python.app/Contents/MacOS/Python venv/bin/locust -f perf/locust/locustfile.py --headl,2,1,0,1,0.0,0,0,0,356393082,34512971586,545417975267
2026-10-10T11:27:51.366056+00:00,app,65349,2547,0.0,0.1,23184,Ss,/opt/homebrew/Cellar/python@3.12/3.12.12_2/Frameworks/Python.framework/Versions/3.12/Resources/Python.app/Contents/MacOS/Python venv/bin/gunicorn FA.wsgi:application --bind 127.0.0,3,1,0,2,0.0,0,0,0,356394629,34512991432,545417975267
2026-10-10T11:27:51.366056+00:00,app,65356,65349,0.0,1.0,248848,S,/opt/homebrew/Cellar/python@3.12/3.12.12_2/Frameworks/Python.framework/Versions/3.12/Resources/Python.app/Contents/MacOS/Python venv/bin/gunicorn FA.wsgi:application --bind 127.0.0,3,1,0,2,0.0,0,0,0,356394629,34512991432,545417975267
2026-10-10T11:27:51.366056+00:00,app,65357,65349,74.1,1.0,249424,R,/opt/homebrew/Cellar/python@3.12/3.12.12_2/Frameworks/Python.framework/Versions/3.12/Resources/Python.app/Contents/MacOS/Python venv/bin/gunicorn FA.wsgi:application --bind 127.0.0,3,1,0,2,0.0,0,0,0,356394629,34512991432,545417975267
2026-10-10T11:27:51.366056+00:00,app,65358,65349,55.2,1.0,251680,R,/opt/homebrew/Cellar/python@3.12/3.12.12_2/Frameworks/Python.framework/Versions/3.12/Resources/Python.app/Contents/MacOS/Python venv/bin/gunicorn FA.wsgi:application --bind 127.0.0,3,1,0,2,0.0,0,0,0,356394629,34512991432,545417975267
2026-10-10T11:27:51.366056+00:00,loadgen,65789,65781,0.3,0.4,88736,S,/opt/homebrew/Cellar/python@3.12/3.12.12_2/Frameworks/Python.framework/Versions/3.12/Resources/Python.app/Contents/MacOS/Python venv/bin/locust -f perf/locust/locustfile.py --headl,3,1,0,2,0.0,0,0,0,356394629,34512991432,545417975267
2026-10-10T11:27:53.439757+00:00,app,65349,2547,0.0,0.1,23184,Ss,/opt/homebrew/Cellar/python@3.12/3.12.12_2/Frameworks/Python.framework/Versions/3.12/Resources/Python.app/Contents/MacOS/Python venv/bin/gunicorn FA.wsgi:application --bind 127.0.0,2,1,0,1,0.0,0,0,0,356418167,34513140339,545417975267
2026-10-10T11:27:53.439757+00:00,app,65356,65349,98.4,1.1,276288,S,/opt/homebrew/Cellar/python@3.12/3.12.12_2/Frameworks/Python.framework/Versions/3.12/Resources/Python.app/Contents/MacOS/Python venv/bin/gunicorn FA.wsgi:application --bind 127.0.0,2,1,0,1,0.0,0,0,0,356418167,34513140339,545417975267
2026-10-10T11:27:53.439757+00:00,app,65357,65349,5.0,1.0,261440,S,/opt/homebrew/Cellar/python@3.12/3.12.12_2/Frameworks/Python.framework/Versions/3.12/Resources/Python.app/Contents/MacOS/Python venv/bin/gunicorn FA.wsgi:application --bind 127.0.0,2,1,0,1,0.0,0,0,0,356418167,34513140339,545417975267
2026-10-10T11:27:53.439757+00:00,app,65358,65349,97.3,1.0,251680,R,/opt/homebrew/Cellar/python@3.12/3.12.12_2/Frameworks/Python.framework/Versions/3.12/Resources/Python.app/Contents/MacOS/Python venv/bin/gunicorn FA.wsgi:application --bind 127.0.0,2,1,0,1,0.0,0,0,0,356418167,34513140339,545417975267
2026-10-10T11:27:53.439757+00:00,loadgen,65789,65781,0.1,0.4,89712,S,/opt/homebrew/Cellar/python@3.12/3.12.12_2/Frameworks/Python.framework/Versions/3.12/Resources/Python.app/Contents/MacOS/Python venv/bin/locust -f perf/locust/locustfile.py --headl,2,1,0,1,0.0,0,0,0,356418167,34513140339,545417975267
2026-10-10T11:27:55.518872+00:00,app,65349,2547,0.0,0.1,23184,Ss,/opt/homebrew/Cellar/python@3.12/3.12.12_2/Frameworks/Python.framework/Versions/3.12/Resources/Python.app/Contents/MacOS/Python venv/bin/gunicorn FA.wsgi:application --bind 127.0.0,1,1,0,0,0.0,0,0,0,356418919,34513327146,545417975267
2026-10-10T11:27:55.518872+00:00,app,65356,65349,52.0,1.1,284400,S,/opt/homebrew/Cellar/python@3.12/3.12.12_2/Frameworks/Python.framework/Versions/3.12/Resources/Python.app/Contents/MacOS/Python venv/bin/gunicorn FA.wsgi:application --bind 127.0.0,1,1,0,0,0.0,0,0,0,356418919,34513327146,545417975267
2026-10-10T11:27:55.518872+00:00,app,65357,65349,6.1,1.0,261552,S,/opt/homebrew/Cellar/python@3.12/3.12.12_2/Frameworks/Python.framework/Versions/3.12/Resources/Python.app/Contents/MacOS/Python venv/bin/gunicorn FA.wsgi:application --bind 127.0.0,1,1,0,0,0.0,0,0,0,356418919,34513327146,545417975267
2026-10-10T11:27:55.518872+00:00,app,65358,65349,5.6,1.0,251808,S,/opt/homebrew/Cellar/python@3.12/3.12.12_2/Frameworks/Python.framework/Versions/3.12/Resources/Python.app/Contents/MacOS/Python venv/bin/gunicorn FA.wsgi:application --bind 127.0.0,1,1,0,0,0.0,0,0,0,356418919,34513327146,545417975267
2026-10-10T11:27:55.518872+00:00,loadgen,65789,65781,0.7,0.4,89712,S,/opt/homebrew/Cellar/python@3.12/3.12.12_2/Frameworks/Python.framework/Versions/3.12/Resources/Python.app/Contents/MacOS/Python venv/bin/locust -f perf/locust/locustfile.py --headl,1,1,0,0,0.0,0,0,0,356418919,34513327146,545417975267
2026-10-10T11:27:57.605155+00:00,app,65349,2547,0.0,0.1,23184,Ss,/opt/homebrew/Cellar/python@3.12/3.12.12_2/Frameworks/Python.framework/Versions/3.12/Resources/Python.app/Contents/MacOS/Python venv/bin/gunicorn FA.wsgi:application --bind 127.0.0,2,1,1,1,0.0,0,0,0,356423007,34513391931,545417975267
2026-10-10T11:27:57.605155+00:00,app,65356,65349,18.4,1.1,284432,R,/opt/homebrew/Cellar/python@3.12/3.12.12_2/Frameworks/Python.framework/Versions/3.12/Resources/Python.app/Contents/MacOS/Python venv/bin/gunicorn FA.wsgi:application --bind 127.0.0,2,1,1,1,0.0,0,0,0,356423007,34513391931,545417975267
2026-10-10T11:27:57.605155+00:00,app,65357,65349,0.5,1.0,261552,S,/opt/homebrew/Cellar/python@3.12/3.12.12_2/Frameworks/Python.framework/Versions/3.12/Resources/Python.app/Contents/MacOS/Python venv/bin/gunicorn FA.wsgi:application --bind 127.0.0,2,1,1,1,0.0,0,0,0,356423007,34513391931,545417975267
2026-10-10T11:27:57.605155+00:00,app,65358,65349,0.1,1.0,251808,S,/opt/homebrew/Cellar/python@3.12/3.12.12_2/Frameworks/Python.framework/Versions/3.12/Resources/Python.app/Contents/MacOS/Python venv/bin/gunicorn FA.wsgi:application --bind 127.0.0,2,1,1,1,0.0,0,0,0,356423007,34513391931,545417975267
2026-10-10T11:27:57.605155+00:00,loadgen,65789,65781,1.0,0.4,89680,S,/opt/homebrew/Cellar/python@3.12/3.12.12_2/Frameworks/Python.framework/Versions/3.12/Resources/Python.app/Contents/MacOS/Python venv/bin/locust -f perf/locust/locustfile.py --headl,2,1,1,1,0.0,0,0,0,356423007,34513391931,545417975267
2026-10-10T11:27:59.682505+00:00,app,65349,2547,0.0,0.1,23184,Ss,/opt/homebrew/Cellar/python@3.12/3.12.12_2/Frameworks/Python.framework/Versions/3.12/Resources/Python.app/Contents/MacOS/Python venv/bin/gunicorn FA.wsgi:application --bind 127.0.0,2,1,0,0,0.0,0,0,0,356423729,34513459040,545417975267
2026-10-10T11:27:59.682505+00:00,app,65356,65349,0.0,1.1,284432,S,/opt/homebrew/Cellar/python@3.12/3.12.12_2/Frameworks/Python.framework/Versions/3.12/Resources/Python.app/Contents/MacOS/Python venv/bin/gunicorn FA.wsgi:application --bind 127.0.0,2,1,0,0,0.0,0,0,0,356423729,34513459040,545417975267
2026-10-10T11:27:59.682505+00:00,app,65357,65349,8.1,1.0,261552,S,/opt/homebrew/Cellar/python@3.12/3.12.12_2/Frameworks/Python.framework/Versions/3.12/Resources/Python.app/Contents/MacOS/Python venv/bin/gunicorn FA.wsgi:application --bind 127.0.0,2,1,0,0,0.0,0,0,0,356423729,34513459040,545417975267
2026-10-10T11:27:59.682505+00:00,app,65358,65349,13.9,1.0,251824,S,/opt/homebrew/Cellar/python@3.12/3.12.12_2/Frameworks/Python.framework/Versions/3.12/Resources/Python.app/Contents/MacOS/Python venv/bin/gunicorn FA.wsgi:application --bind 127.0.0,2,1,0,0,0.0,0,0,0,356423729,34513459040,545417975267
2026-10-10T11:27:59.682505+00:00,loadgen,65789,65781,0.9,0.4,89696,S,/opt/homebrew/Cellar/python@3.12/3.12.12_2/Frameworks/Python.framework/Versions/3.12/Resources/Python.app/Contents/MacOS/Python venv/bin/locust -f perf/locust/locustfile.py --headl,2,1,0,0,0.0,0,0,0,356423729,34513459040,545417975267
2026-10-10T11:28:01.770844+00:00,app,65349,2547,0.0,0.1,23184,Ss,/opt/homebrew/Cellar/python@3.12/3.12.12_2/Frameworks/Python.framework/Versions/3.12/Resources/Python.app/Contents/MacOS/Python venv/bin/gunicorn FA.wsgi:application --bind 127.0.0,1,1,0,0,0.0,0,0,0,356423801,34513568122,545417975267
2026-10-10T11:28:01.770844+00:00,app,65356,65349,13.8,1.1,282736,S,/opt/homebrew/Cellar/python@3.12/3.12.12_2/Frameworks/Python.framework/Versions/3.12/Resources/Python.app/Contents/MacOS/Python venv/bin/gunicorn FA.wsgi:application --bind 127.0.0,1,1,0,0,0.0,0,0,0,356423801,34513568122,545417975267
2026-10-10T11:28:01.770844+00:00,app,65357,65349,0.4,1.0,261744,S,/opt/homebrew/Cellar/python@3.12/3.12.12_2/Frameworks/Python.framework/Versions/3.12/Resources/Python.app/Contents/MacOS/Python venv/bin/gunicorn FA.wsgi:application --bind 127.0.0,1,1,0,0,0.0,0,0,0,356423801,34513568122,545417975267
2026-10-10T11:28:01.770844+00:00,app,65358,65349,14.8,1.0,251840,S,/opt/homebrew/Cellar/python@3.12/3.12.12_2/Frameworks/Python.framework/Versions/3.12/Resources/Python.app/Contents/MacOS/Python venv/bin/gunicorn FA.wsgi:application --bind 127.0.0,1,1,0,0,0.0,0,0,0,356423801,34513568122,545417975267
2026-10-10T11:28:01.770844+00:00,loadgen,65789,65781,1.0,0.4,89696,S,/opt/homebrew/Cellar/python@3.12/3.12.12_2/Frameworks/Python.framework/Versions/3.12/Resources/Python.app/Contents/MacOS/Python venv/bin/locust -f perf/locust/locustfile.py --headl,1,1,0,0,0.0,0,0,0,356423801,34513568122,545417975267
2026-10-10T11:28:03.855749+00:00,app,65349,2547,0.0,0.1,23184,Ss,/opt/homebrew/Cellar/python@3.12/3.12.12_2/Frameworks/Python.framework/Versions/3.12/Resources/Python.app/Contents/MacOS/Python venv/bin/gunicorn FA.wsgi:application --bind 127.0.0,1,1,0,0,0.0,0,0,0,356423852,34513668276,545417975267
2026-10-10T11:28:03.855749+00:00,app,65356,65349,0.0,1.1,282736,S,/opt/homebrew/Cellar/python@3.12/3.12.12_2/Frameworks/Python.framework/Versions/3.12/Resources/Python.app/Contents/MacOS/Python venv/bin/gunicorn FA.wsgi:application --bind 127.0.0,1,1,0,0,0.0,0,0,0,356423852,34513668276,545417975267
2026-10-10T11:28:03.855749+00:00,app,65357,65349,0.9,1.0,262016,S,/opt/homebrew/Cellar/python@3.12/3.12.12_2/Frameworks/Python.framework/Versions/3.12/Resources/Python.app/Contents/MacOS/Python venv/bin/gunicorn FA.wsgi:application --bind 127.0.0,1,1,0,0,0.0,0,0,0,356423852,34513668276,545417975267
2026-10-10T11:28:03.855749+00:00,app,65358,65349,2.4,1.0,251856,S,/opt/homebrew/Cellar/python@3.12/3.12.12_2/Frameworks/Python.framework/Versions/3.12/Resources/Python.app/Contents/MacOS/Python venv/bin/gunicorn FA.wsgi:application --bind 127.0.0,1,1,0,0,0.0,0,0,0,356423852,34513668276,545417975267
2026-10-10T11:28:03.855749+00:00,loadgen,65789,65781,0.1,0.4,89696,S,/opt/homebrew/Cellar/python@3.12/3.12.12_2/Frameworks/Python.framework/Versions/3.12/Resources/Python.app/Contents/MacOS/Python venv/bin/locust -f perf/locust/locustfile.py --headl,1,1,0,0,0.0,0,0,0,356423852,34513668276,545417975267
2026-10-10T11:28:05.938264+00:00,app,65349,2547,0.0,0.1,23184,Ss,/opt/homebrew/Cellar/python@3.12/3.12.12_2/Frameworks/Python.framework/Versions/3.12/Resources/Python.app/Contents/MacOS/Python venv/bin/gunicorn FA.wsgi:application --bind 127.0.0,2,1,0,1,0.0,0,0,0,356439317,34513756704,545417975267
2026-10-10T11:28:05.938264+00:00,app,65356,65349,11.0,1.1,277472,S,/opt/homebrew/Cellar/python@3.12/3.12.12_2/Frameworks/Python.framework/Versions/3.12/Resources/Python.app/Contents/MacOS/Python venv/bin/gunicorn FA.wsgi:application --bind 127.0.0,2,1,0,1,0.0,0,0,0,356439317,34513756704,545417975267
2026-10-10T11:28:05.938264+00:00,app,65357,65349,4.6,1.0,262016,S,/opt/homebrew/Cellar/python@3.12/3.12.12_2/Frameworks/Python.framework/Versions/3.12/Resources/Python.app/Contents/MacOS/Python venv/bin/gunicorn FA.wsgi:application --bind 127.0.0,2,1,0,1,0.0,0,0,0,356439317,34513756704,545417975267
2026-10-10T11:28:05.938264+00:00,app,65358,65349,54.4,1.0,251872,R,/opt/homebrew/Cellar/python@3.12/3.12.12_2/Frameworks/Python.framework/Versions/3.12/Resources/Python.app/Contents/MacOS/Python venv/bin/gunicorn FA.wsgi:application --bind 127.0.0,2,1,0,1,0.0,0,0,0,356439317,34513756704,545417975267
2026-10-10T11:28:05.938264+00:00,loadgen,65789,65781,1.3,0.4,89712,S,/opt/homebrew/Cellar/python@3.12/3.12.12_2/Frameworks/Python.framework/Versions/3.12/Resources/Python.app/Contents/MacOS/Python venv/bin/locust -f perf/locust/locustfile.py --headl,2,1,0,1,0.0,0,0,0,356439317,34513756704,545417975267
2026-10-10T11:28:08.008096+00:00,app,65349,2547,0.0,0.1,23184,Ss,/opt/homebrew/Cellar/python@3.12/3.12.12_2/Frameworks/Python.framework/Versions/3.12/Resources/Python.app/Contents/MacOS/Python venv/bin/gunicorn FA.wsgi:application --bind 127.0.0,1,1,0,0,0.0,0,0,0,356446375,34513849823,545417975267
2026-10-10T11:28:08.008096+00:00,app,65356,65349,15.6,1.1,278768,S,/opt/homebrew/Cellar/python@3.12/3.12.12_2/Frameworks/Python.framework/Versions/3.12/Resources/Python.app/Contents/MacOS/Python venv/bin/gunicorn FA.wsgi:application --bind 127.0.0,1,1,0,0,0.0,0,0,0,356446375,34513849823,545417975267
2026-10-10T11:28:08.008096+00:00,app,65357,65349,1.6,1.0,262016,S,/opt/homebrew/Cellar/python@3.12/3.12.12_2/Frameworks/Python.framework/Versions/3.12/Resources/Python.app/Contents/MacOS/Python venv/bin/gunicorn FA.wsgi:application --bind 127.0.0,1,1,0,0,0.0,0,0,0,356446375,34513849823,545417975267
2026-10-10T11:28:08.008096+00:00,app,65358,65349,1.9,1.0,260064,S,/opt/homebrew/Cellar/python@3.12/3.12.12_2/Frameworks/Python.framework/Versions/3.12/Resources/Python.app/Contents/MacOS/Python venv/bin/gunicorn FA.wsgi:application --bind 127.0.0,1,1,0,0,0.0,0,0,0,356446375,34513849823,545417975267
2026-10-10T11:28:08.008096+00:00,loadgen,65789,65781,0.7,0.4,89712,S,/opt/homebrew/Cellar/python@3.12/3.12.12_2/Frameworks/Python.framework/Versions/3.12/Resources/Python.app/Contents/MacOS/Python venv/bin/locust -f perf/locust/locustfile.py --headl,1,1,0,0,0.0,0,0,0,356446375,34513849823,545417975267
2026-10-10T11:28:10.087841+00:00,app,65349,2547,0.0,0.1,23184,Ss,/opt/homebrew/Cellar/python@3.12/3.12.12_2/Frameworks/Python.framework/Versions/3.12/Resources/Python.app/Contents/MacOS/Python venv/bin/gunicorn FA.wsgi:application --bind 127.0.0,2,1,0,1,0.0,0,0,0,356446682,34513897227,545417975267
2026-10-10T11:28:10.087841+00:00,app,65356,65349,0.0,1.1,278768,S,/opt/homebrew/Cellar/python@3.12/3.12.12_2/Frameworks/Python.framework/Versions/3.12/Resources/Python.app/Contents/MacOS/Python venv/bin/gunicorn FA.wsgi:application --bind 127.0.0,2,1,0,1,0.0,0,0,0,356446682,34513897227,545417975267
2026-10-10T11:28:10.087841+00:00,app,65357,65349,96.3,1.0,257568,R,/opt/homebrew/Cellar/python@3.12/3.12.12_2/Frameworks/Python.framework/Versions/3.12/Resources/Python.app/Contents/MacOS/Python venv/bin/gunicorn FA.wsgi:application --bind 127.0.0,2,1,0,1,0.0,0,0,0,356446682,34513897227,545417975267
2026-10-10T11:28:10.087841+00:00,app,65358,65349,42.3,1.0,260064,S,/opt/homebrew/Cellar/python@3.12/3.12.12_2/Frameworks/Python.framework/Versions/3.12/Resources/Python.app/Contents/MacOS/Python venv/bin/gunicorn FA.wsgi:application --bind 127.0.0,2,1,0,1,0.0,0,0,0,356446682,34513897227,545417975267
2026-10-10T11:28:10.087841+00:00,loadgen,65789,65781,0.4,0.4,89712,S,/opt/homebrew/Cellar/python@3.12/3.12.12_2/Frameworks/Python.framework/Versions/3.12/Resources/Python.app/Contents/MacOS/Python venv/bin/locust -f perf/locust/locustfile.py --headl,2,1,0,1,0.0,0,0,0,356446682,34513897227,545417975267
2026-10-10T11:28:12.166079+00:00,app,65349,2547,0.0,0.1,23184,Ss,/opt/homebrew/Cellar/python@3.12/3.12.12_2/Frameworks/Python.framework/Versions/3.12/Resources/Python.app/Contents/MacOS/Python venv/bin/gunicorn FA.wsgi:application --bind 127.0.0,1,1,0,0,0.0,0,0,0,356460731,34514009479,545417975267
2026-10-10T11:28:12.166079+00:00,app,65356,65349,0.0,1.1,278768,S,/opt/homebrew/Cellar/python@3.12/3.12.12_2/Frameworks/Python.framework/Versions/3.12/Resources/Python.app/Contents/MacOS/Python venv/bin/gunicorn FA.wsgi:application --bind 127.0.0,1,1,0,0,0.0,0,0,0,356460731,34514009479,545417975267
2026-10-10T11:28:12.166079+00:00,app,65357,65349,6.9,1.1,277008,S,/opt/homebrew/Cellar/python@3.12/3.12.12_2/Frameworks/Python.framework/Versions/3.12/Resources/Python.app/Contents/MacOS/Python venv/bin/gunicorn FA.wsgi:application --bind 127.0.0,1,1,0,0,0.0,0,0,0,356460731,34514009479,545417975267
2026-10-10T11:28:12.166079+00:00,app,65358,65349,0.6,1.0,260064,S,/opt/homebrew/Cellar/python@3.12/3.12.12_2/Frameworks/Python.framework/Versions/3.12/Resources/Python.app/Contents/MacOS/Python venv/bin/gunicorn FA.wsgi:application --bind 127.0.0,1,1,0,0,0.0,0,0,0,356460731,34514009479,545417975267
2026-10-10T11:28:12.166079+00:00,loadgen,65789,65781,1.1,0.4,91632,S,/opt/homebrew/Cellar/python@3.12/3.12.12_2/Frameworks/Python.framework/Versions/3.12/Resources/Python.app/Contents/MacOS/Python venv/bin/locust -f perf/locust/locustfile.py --headl,1,1,0,0,0.0,0,0,0,356460731,34514009479,545417975267
2026-10-10T11:28:14.240602+00:00,app,65349,2547,0.0,0.1,23184,Ss,/opt/homebrew/Cellar/python@3.12/3.12.12_2/Frameworks/Python.framework/Versions/3.12/Resources/Python.app/Contents/MacOS/Python venv/bin/gunicorn FA.wsgi:application --bind 127.0.0,2,1,0,1,0.0,0,0,0,356460731,34514069411,545417975267
2026-10-10T11:28:14.240602+00:00,app,65356,65349,79.5,1.1,278768,R,/opt/homebrew/Cellar/python@3.12/3.12.12_2/Frameworks/Python.framework/Versions/3.12/Resources/Python.app/Contents/MacOS/Python venv/bin/gunicorn FA.wsgi:application --bind 127.0.0,2,1,0,1,0.0,0,0,0,356460731,34514069411,545417975267
2026-10-10T11:28:14.240602+00:00,app,65357,65349,0.8,1.1,277008,S,/opt/homebrew/Cellar/python@3.12/3.12.12_2/Frameworks/Python.framework/Versions/3.12/Resources/Python.app/Contents/MacOS/Python venv/bin/gunicorn FA.wsgi:application --bind 127.0.0,2,1,0,1,0.0,0,0,0,356460731,34514069411,545417975267
2026-10-10T11:28:14.240602+00:00,app,65358,65349,0.0,1.0,260064,S,/opt/homebrew/Cellar/python@3.12/3.12.12_2/Frameworks/Python.framework/Versions/3.12/Resources/Python.app/Contents/MacOS/Python venv/bin/gunicorn FA.wsgi:application --bind 127.0.0,2,1,0,1,0.0,0,0,0,356460731,34514069411,545417975267
2026-10-10T11:28:14.240602+00:00,loadgen,65789,65781,0.3,0.4,91632,S,/opt/homebrew/Cellar/python@3.12/3.12.12_2/Frameworks/Python.framework/Versions/3.12/Resources/Python.app/Contents/MacOS/Python venv/bin/locust -f perf/locust/locustfile.py --headl,2,1,0,1,0.0,0,0,0,356460731,34514069411,545417975267
2026-10-10T11:28:16.315334+00:00,app,65349,2547,0.0,0.1,23184,Ss,/opt/homebrew/Cellar/python@3.12/3.12.12_2/Frameworks/Python.framework/Versions/3.12/Resources/Python.app/Contents/MacOS/Python venv/bin/gunicorn FA.wsgi:application --bind 127.0.0,1,1,0,0,0.0,0,0,0,356474601,34514174543,545417975267
2026-10-10T11:28:16.315334+00:00,app,65356,65349,1.5,1.1,285888,S,/opt/homebrew/Cellar/python@3.12/3.12.12_2/Frameworks/Python.framework/Versions/3.12/Resources/Python.app/Contents/MacOS/Python venv/bin/gunicorn FA.wsgi:application --bind 127.0.0,1,1,0,0,0.0,0,0,0,356474601,34514174543,545417975267
2026-10-10T11:28:16.315334+00:00,app,65357,65349,0.1,1.1,277008,S,/opt/homebrew/Cellar/python@3.12/3.12.12_2/Frameworks/Python.framework/Versions/3.12/Resources/Python.app/Contents/MacOS/Python venv/bin/gunicorn FA.wsgi:application --bind 127.0.0,1,1,0,0,0.0,0,0,0,356474601,34514174543,545417975267
2026-10-10T11:28:16.315334+00:00,app,65358,65349,1.9,1.0,255968,S,/opt/homebrew/Cellar/python@3.12/3.12.12_2/Frameworks/Python.framework/Versions/3.12/Resources/Python.app/Contents/MacOS/Python venv/bin/gunicorn FA.wsgi:application --bind 127.0.0,1,1,0,0,0.0,0,0,0,356474601,34514174543,545417975267
2026-10-10T11:28:16.315334+00:00,loadgen,65789,65781,0.6,0.4,93536,S,/opt/homebrew/Cellar/python@3.12/3.12.12_2/Frameworks/Python.framework/Versions/3.12/Resources/Python.app/Contents/MacOS/Python venv/bin/locust -f perf/locust/locustfile.py --headl,1,1,0,0,0.0,0,0,0,356474601,34514174543,545417975267
2026-10-10T11:28:18.403170+00:00,app,65349,2547,0.0,0.1,23184,Ss,/opt/homebrew/Cellar/python@3.12/3.12.12_2/Frameworks/Python.framework/Versions/3.12/Resources/Python.app/Contents/MacOS/Python venv/bin/gunicorn FA.wsgi:application --bind 127.0.0,4,1,0,3,0.0,0,0,0,356474603,34514212254,545417975267
2026-10-10T11:28:18.403170+00:00,app,65356,65349,44.2,1.1,285888,S,/opt/homebrew/Cellar/python@3.12/3.12.12_2/Frameworks/Python.framework/Versions/3.12/Resources/Python.app/Contents/MacOS/Python venv/bin/gunicorn FA.wsgi:application --bind 127.0.0,4,1,0,3,0.0,0,0,0,356474603,34514212254,545417975267
2026-10-10T11:28:18.403170+00:00,app,65357,65349,78.1,1.1,277008,R,/opt/homebrew/Cellar/python@3.12/3.12.12_2/Frameworks/Python.framework/Versions/3.12/Resources/Python.app/Contents/MacOS/Python venv/bin/gunicorn FA.wsgi:application --bind 127.0.0,4,1,0,3,0.0,0,0,0,356474603,34514212254,545417975267
2026-10-10T11:28:18.403170+00:00,app,65358,65349,67.0,1.0,255984,R,/opt/homebrew/Cellar/python@3.12/3.12.12_2/Frameworks/Python.framework/Versions/3.12/Resources/Python.app/Contents/MacOS/Python venv/bin/gunicorn FA.wsgi:application --bind 127.0.0,4,1,0,3,0.0,0,0,0,356474603,34514212254,545417975267
2026-10-10T11:28:18.403170+00:00,loadgen,65789,65781,0.5,0.4,93536,S,/opt/homebrew/Cellar/python@3.12/3.12.12_2/Frameworks/Python.framework/Versions/3.12/Resources/Python.app/Contents/MacOS/Python venv/bin/locust -f perf/locust/locustfile.py --headl,4,1,0,3,0.0,0,0,0,356474603,34514212254,545417975267
2026-10-10T11:28:20.474930+00:00,app,65349,2547,0.0,0.1,23184,Ss,/opt/homebrew/Cellar/python@3.12/3.12.12_2/Frameworks/Python.framework/Versions/3.12/Resources/Python.app/Contents/MacOS/Python venv/bin/gunicorn FA.wsgi:application --bind 127.0.0,1,1,0,0,0.0,0,0,0,356474603,34514342619,545417975267
2026-10-10T11:28:20.474930+00:00,app,65356,65349,0.0,1.1,285632,S,/opt/homebrew/Cellar/python@3.12/3.12.12_2/Frameworks/Python.framework/Versions/3.12/Resources/Python.app/Contents/MacOS/Python venv/bin/gunicorn FA.wsgi:application --bind 127.0.0,1,1,0,0,0.0,0,0,0,356474603,34514342619,545417975267
2026-10-10T11:28:20.474930+00:00,app,65357,65349,4.2,1.1,276720,S,/opt/homebrew/Cellar/python@3.12/3.12.12_2/Frameworks/Python.framework/Versions/3.12/Resources/Python.app/Contents/MacOS/Python venv/bin/gunicorn FA.wsgi:application --bind 127.0.0,1,1,0,0,0.0,0,0,0,356474603,34514342619,545417975267
2026-10-10T11:28:20.474930+00:00,app,65358,65349,11.7,1.1,276800,S,/opt/homebrew/Cellar/python@3.12/3.12.12_2/Frameworks/Python.framework/Versions/3.12/Resources/Python.app/Contents/MacOS/Python venv/bin/gunicorn FA.wsgi:application --bind 127.0.0,1,1,0,0,0.0,0,0,0,356474603,34514342619,545417975267
2026-10-10T11:28:20.474930+00:00,loadgen,65789,65781,0.6,0.3,83744,S,/opt/homebrew/Cellar/python@3.12/3.12.12_2/Frameworks/Python.framework/Versions/3.12/Resources/Python.app/Contents/MacOS/Python venv/bin/locust -f perf/locust/locustfile.py --headl,1,1,0,0,0.0,0,0,0,356474603,34514342619,545417975267
2026-10-10T11:28:22.574824+00:00,app,65349,2547,0.0,0.1,23184,Ss,/opt/homebrew/Cellar/python@3.12/3.12.12_2/Frameworks/Python.framework/Versions/3.12/Resources/Python.app/Contents/MacOS/Python venv/bin/gunicorn FA.wsgi:application --bind 127.0.0,2,1,0,1,0.0,0,0,0,356484389,34514391636,545417975267
2026-10-10T11:28:22.574824+00:00,app,65356,65349,38.1,1.1,286176,R,/opt/homebrew/Cellar/python@3.12/3.12.12_2/Frameworks/Python.framework/Versions/3.12/Resources/Python.app/Contents/MacOS/Python venv/bin/gunicorn FA.wsgi:application --bind 127.0.0,2,1,0,1,0.0,0,0,0,356484389,34514391636,545417975267
2026-10-10T11:28:22.574824+00:00,app,65357,65349,0.0,1.1,276736,S,/opt/homebrew/Cellar/python@3.12/3.12.12_2/Frameworks/Python.framework/Versions/3.12/Resources/Python.app/Contents/MacOS/Python venv/bin/gunicorn FA.wsgi:application --bind 127.0.0,2,1,0,1,0.0,0,0,0,356484389,34514391636,545417975267
2026-10-10T11:28:22.574824+00:00,app,65358,65349,0.1,1.1,265152,S,/opt/homebrew/Cellar/python@3.12/3.12.12_2/Frameworks/Python.framework/Versions/3.12/Resources/Python.app/Contents/MacOS/Python venv/bin/gunicorn FA.wsgi:application --bind 127.0.0,2,1,0,1,0.0,0,0,0,356484389,34514391636,545417975267
2026-10-10T11:28:22.574824+00:00,loadgen,65789,65781,0.4,0.3,82192,S,/opt/homebrew/Cellar/python@3.12/3.12.12_2/Frameworks/Python.framework/Versions/3.12/Resources/Python.app/Contents/MacOS/Python venv/bin/locust -f perf/locust/locustfile.py --headl,2,1,0,1,0.0,0,0,0,356484389,34514391636,545417975267
2026-10-10T11:28:24.656299+00:00,app,65349,2547,0.0,0.1,23184,Ss,/opt/homebrew/Cellar/python@3.12/3.12.12_2/Frameworks/Python.framework/Versions/3.12/Resources/Python.app/Contents/MacOS/Python venv/bin/gunicorn FA.wsgi:application --bind 127.0.0,1,1,0,0,0.0,0,0,0,356484822,34514532670,545417975267
2026-10-10T11:28:24.656299+00:00,app,65356,65349,13.2,1.1,282128,S,/opt/homebrew/Cellar/python@3.12/3.12.12_2/Frameworks/Python.framework/Versions/3.12/Resources/Python.app/Contents/MacOS/Python venv/bin/gunicorn FA.wsgi:application --bind 127.0.0,1,1,0,0,0.0,0,0,0,356484822,34514532670,545417975267
2026-10-10T11:28:24.656299+00:00,app,65357,65349,49.0,1.1,283744,S,/opt/homebrew/Cellar/python@3.12/3.12.12_2/Frameworks/Python.framework/Versions/3.12/Resources/Python.app/Contents/MacOS/Python venv/bin/gunicorn FA.wsgi:application --bind 127.0.0,1,1,0,0,0.0,0,0,0,356484822,34514532670,545417975267
2026-10-10T11:28:24.656299+00:00,app,65358,65349,0.0,1.1,265152,S,/opt/homebrew/Cellar/python@3.12/3.12.12_2/Frameworks/Python.framework/Versions/3.12/Resources/Python.app/Contents/MacOS/Python venv/bin/gunicorn FA.wsgi:application --bind 127.0.0,1,1,0,0,0.0,0,0,0,356484822,34514532670,545417975267
2026-10-10T11:28:24.656299+00:00,loadgen,65789,65781,0.8,0.3,82192,S,/opt/homebrew/Cellar/python@3.12/3.12.12_2/Frameworks/Python.framework/Versions/3.12/Resources/Python.app/Contents/MacOS/Python venv/bin/locust -f perf/locust/locustfile.py --headl,1,1,0,0,0.0,0,0,0,356484822,34514532670,545417975267
2026-10-10T11:28:26.749292+00:00,app,65349,2547,0.0,0.1,23120,Ss,/opt/homebrew/Cellar/python@3.12/3.12.12_2/Frameworks/Python.framework/Versions/3.12/Resources/Python.app/Contents/MacOS/Python venv/bin/gunicorn FA.wsgi:application --bind 127.0.0,1,1,0,0,0.0,0,0,0,356492889,34514582600,545417975267
2026-10-10T11:28:26.749292+00:00,app,65356,65349,0.1,1.1,281520,S,/opt/homebrew/Cellar/python@3.12/3.12.12_2/Frameworks/Python.framework/Versions/3.12/Resources/Python.app/Contents/MacOS/Python venv/bin/gunicorn FA.wsgi:application --bind 127.0.0,1,1,0,0,0.0,0,0,0,356492889,34514582600,545417975267
2026-10-10T11:28:26.749292+00:00,app,65357,65349,0.1,1.1,269696,S,/opt/homebrew/Cellar/python@3.12/3.12.12_2/Frameworks/Python.framework/Versions/3.12/Resources/Python.app/Contents/MacOS/Python venv/bin/gunicorn FA.wsgi:application --bind 127.0.0,1,1,0,0,0.0,0,0,0,356492889,34514582600,545417975267
2026-10-10T11:28:26.749292+00:00,app,65358,65349,0.0,1.0,255488,S,/opt/homebrew/Cellar/python@3.12/3.12.12_2/Frameworks/Python.framework/Versions/3.12/Resources/Python.app/Contents/MacOS/Python venv/bin/gunicorn FA.wsgi:application --bind 127.0.0,1,1,0,0,0.0,0,0,0,356492889,34514582600,545417975267
2026-10-10T11:28:26.749292+00:00,loadgen,65789,65781,0.1,0.3,78336,S,/opt/homebrew/Cellar/python@3.12/3.12.12_2/Frameworks/Python.framework/Versions/3.12/Resources/Python.app/Contents/MacOS/Python venv/bin/locust -f perf/locust/locustfile.py --headl,1,1,0,0,0.0,0,0,0,356492889,34514582600,545417975267
2026-10-10T11:28:28.831836+00:00,app,65349,2547,0.0,0.1,23120,Ss,/opt/homebrew/Cellar/python@3.12/3.12.12_2/Frameworks/Python.framework/Versions/3.12/Resources/Python.app/Contents/MacOS/Python venv/bin/gunicorn FA.wsgi:application --bind 127.0.0,2,1,0,1,0.0,0,0,0,356513087,34514645120,545417975267
2026-10-10T11:28:28.831836+00:00,app,65356,65349,0.7,1.1,281520,S,/opt/homebrew/Cellar/python@3.12/3.12.12_2/Frameworks/Python.framework/Versions/3.12/Resources/Python.app/Contents/MacOS/Python venv/bin/gunicorn FA.wsgi:application --bind 127.0.0,2,1,0,1,0.0,0,0,0,356513087,34514645120,545417975267
2026-10-10T11:28:28.831836+00:00,app,65357,65349,2.6,1.1,270688,S,/opt/homebrew/Cellar/python@3.12/3.12.12_2/Frameworks/Python.framework/Versions/3.12/Resources/Python.app/Contents/MacOS/Python venv/bin/gunicorn FA.wsgi:application --bind 127.0.0,2,1,0,1,0.0,0,0,0,356513087,34514645120,545417975267
2026-10-10T11:28:28.831836+00:00,app,65358,65349,97.6,1.1,265488,R,/opt/homebrew/Cellar/python@3.12/3.12.12_2/Frameworks/Python.framework/Versions/3.12/Resources/Python.app/Contents/MacOS/Python venv/bin/gunicorn FA.wsgi:application --bind 127.0.0,2,1,0,1,0.0,0,0,0,356513087,34514645120,545417975267
2026-10-10T11:28:28.831836+00:00,loadgen,65789,65781,0.3,0.3,78336,S,/opt/homebrew/Cellar/python@3.12/3.12.12_2/Frameworks/Python.framework/Versions/3.12/Resources/Python.app/Contents/MacOS/Python venv/bin/locust -f perf/locust/locustfile.py --headl,2,1,0,1,0.0,0,0,0,356513087,34514645120,545417975267
2026-10-10T11:28:30.913745+00:00,app,65349,2547,0.0,0.1,23120,Ss,/opt/homebrew/Cellar/python@3.12/3.12.12_2/Frameworks/Python.framework/Versions/3.12/Resources/Python.app/Contents/MacOS/Python venv/bin/gunicorn FA.wsgi:application --bind 127.0.0,1,1,0,0,0.0,0,0,0,356517672,34514761980,545417975267
2026-10-10T11:28:30.913745+00:00,app,65356,65349,7.2,1.1,281488,S,/opt/homebrew/Cellar/python@3.12/3.12.12_2/Frameworks/Python.framework/Versions/3.12/Resources/Python.app/Contents/MacOS/Python venv/bin/gunicorn FA.wsgi:application --bind 127.0.0,1,1,0,0,0.0,0,0,0,356517672,34514761980,545417975267
2026-10-10T11:28:30.913745+00:00,app,65357,65349,6.5,1.1,270688,S,/opt/homebrew/Cellar/python@3.12/3.12.12_2/Frameworks/Python.framework/Versions/3.12/Resources/Python.app/Contents/MacOS/Python venv/bin/gunicorn FA.wsgi:application --bind 127.0.0,1,1,0,0,0.0,0,0,0,356517672,34514761980,545417975267
2026-10-10T11:28:30.913745+00:00,app,65358,65349,0.3,1.1,289088,S,/opt/homebrew/Cellar/python@3.12/3.12.12_2/Frameworks/Python.framework/Versions/3.12/Resources/Python.app/Contents/MacOS/Python venv/bin/gunicorn FA.wsgi:application --bind 127.0.0,1,1,0,0,0.0,0,0,0,356517672,34514761980,545417975267
2026-10-10T11:28:30.913745+00:00,loadgen,65789,65781,0.5,0.3,78336,S,/opt/homebrew/Cellar/python@3.12/3.12.12_2/Frameworks/Python.framework/Versions/3.12/Resources/Python.app/Contents/MacOS/Python venv/bin/locust -f perf/locust/locustfile.py --headl,1,1,0,0,0.0,0,0,0,356517672,34514761980,545417975267
2026-10-10T11:28:32.999565+00:00,app,65349,2547,0.0,0.1,23120,Ss,/opt/homebrew/Cellar/python@3.12/3.12.12_2/Frameworks/Python.framework/Versions/3.12/Resources/Python.app/Contents/MacOS/Python venv/bin/gunicorn FA.wsgi:application --bind 127.0.0,3,3,0,0,0.0,0,0,0,356517672,34514799146,545417975267
2026-10-10T11:28:32.999565+00:00,app,65356,65349,2.8,1.1,281488,S,/opt/homebrew/Cellar/python@3.12/3.12.12_2/Frameworks/Python.framework/Versions/3.12/Resources/Python.app/Contents/MacOS/Python venv/bin/gunicorn FA.wsgi:application --bind 127.0.0,3,3,0,0,0.0,0,0,0,356517672,34514799146,545417975267
2026-10-10T11:28:32.999565+00:00,app,65357,65349,11.0,1.1,270688,S,/opt/homebrew/Cellar/python@3.12/3.12.12_2/Frameworks/Python.framework/Versions/3.12/Resources/Python.app/Contents/MacOS/Python venv/bin/gunicorn FA.wsgi:application --bind 127.0.0,3,3,0,0,0.0,0,0,0,356517672,34514799146,545417975267
2026-10-10T11:28:32.999565+00:00,app,65358,65349,0.0,1.1,289088,S,/opt/homebrew/Cellar/python@3.12/3.12.12_2/Frameworks/Python.framework/Versions/3.12/Resources/Python.app/Contents/MacOS/Python venv/bin/gunicorn FA.wsgi:application --bind 127.0.0,3,3,0,0,0.0,0,0,0,356517672,34514799146,545417975267
2026-10-10T11:28:32.999565+00:00,loadgen,65789,65781,1.1,0.3,78384,S,/opt/homebrew/Cellar/python@3.12/3.12.12_2/Frameworks/Python.framework/Versions/3.12/Resources/Python.app/Contents/MacOS/Python venv/bin/locust -f perf/locust/locustfile.py --headl,3,3,0,0,0.0,0,0,0,356517672,34514799146,545417975267
2026-10-10T11:28:35.088527+00:00,app,65349,2547,0.0,0.1,23120,Ss,/opt/homebrew/Cellar/python@3.12/3.12.12_2/Frameworks/Python.framework/Versions/3.12/Resources/Python.app/Contents/MacOS/Python venv/bin/gunicorn FA.wsgi:application --bind 127.0.0,1,1,0,0,0.0,0,0,0,356540578,34514931035,545417975267
2026-10-10T11:28:35.088527+00:00,app,65356,65349,0.0,1.1,281520,S,/opt/homebrew/Cellar/python@3.12/3.12.12_2/Frameworks/Python.framework/Versions/3.12/Resources/Python.app/Contents/MacOS/Python venv/bin/gunicorn FA.wsgi:application --bind 127.0.0,1,1,0,0,0.0,0,0,0,356540578,34514931035,545417975267
2026-10-10T11:28:35.088527+00:00,app,65357,65349,0.6,1.0,263600,S,/opt/homebrew/Cellar/python@3.12/3.12.12_2/Frameworks/Python.framework/Versions/3.12/Resources/Python.app/Contents/MacOS/Python venv/bin/gunicorn FA.wsgi:application --bind 127.0.0,1,1,0,0,0.0,0,0,0,356540578,34514931035,545417975267
2026-10-10T11:28:35.088527+00:00,app,65358,65349,1.2,1.1,289200,S,/opt/homebrew/Cellar/python@3.12/3.12.12_2/Frameworks/Python.framework/Versions/3.12/Resources/Python.app/Contents/MacOS/Python venv/bin/gunicorn FA.wsgi:application --bind 127.0.0,1,1,0,0,0.0,0,0,0,356540578,34514931035,545417975267
2026-10-10T11:28:35.088527+00:00,loadgen,65789,65781,0.0,0.3,80272,S,/opt/homebrew/Cellar/python@3.12/3.12.12_2/Frameworks/Python.framework/Versions/3.12/Resources/Python.app/Contents/MacOS/Python venv/bin/locust -f perf/locust/locustfile.py --headl,1,1,0,0,0.0,0,0,0,356540578,34514931035,545417975267
2026-10-10T11:28:37.181628+00:00,app,65349,2547,0.0,0.1,23120,Ss,/opt/homebrew/Cellar/python@3.12/3.12.12_2/Frameworks/Python.framework/Versions/3.12/Resources/Python.app/Contents/MacOS/Python venv/bin/gunicorn FA.wsgi:application --bind 127.0.0,2,2,0,0,0.003,0,0,0,356541714,34515011206,545417975267
2026-10-10T11:28:37.181628+00:00,app,65356,65349,2.7,1.1,281520,S,/opt/homebrew/Cellar/python@3.12/3.12.12_2/Frameworks/Python.framework/Versions/3.12/Resources/Python.app/Contents/MacOS/Python venv/bin/gunicorn FA.wsgi:application --bind 127.0.0,2,2,0,0,0.003,0,0,0,356541714,34515011206,545417975267
2026-10-10T11:28:37.181628+00:00,app,65357,65349,10.0,1.0,263600,S,/opt/homebrew/Cellar/python@3.12/3.12.12_2/Frameworks/Python.framework/Versions/3.12/Resources/Python.app/Contents/MacOS/Python venv/bin/gunicorn FA.wsgi:application --bind 127.0.0,2,2,0,0,0.003,0,0,0,356541714,34515011206,545417975267
2026-10-10T11:28:37.181628+00:00,app,65358,65349,9.8,1.1,289200,R,/opt/homebrew/Cellar/python@3.12/3.12.12_2/Frameworks/Python.framework/Versions/3.12/Resources/Python.app/Contents/MacOS/Python venv/bin/gunicorn FA.wsgi:application --bind 127.0.0,2,2,0,0,0.003,0,0,0,356541714,34515011206,545417975267
2026-10-10T11:28:37.181628+00:00,loadgen,65789,65781,0.8,0.3,80272,S,/opt/homebrew/Cellar/python@3.12/3.12.12_2/Frameworks/Python.framework/Versions/3.12/Resources/Python.app/Contents/MacOS/Python venv/bin/locust -f perf/locust/locustfile.py --headl,2,2,0,0,0.003,0,0,0,356541714,34515011206,545417975267
2026-10-10T11:28:39.258377+00:00,app,65349,2547,0.0,0.1,23120,Ss,/opt/homebrew/Cellar/python@3.12/3.12.12_2/Frameworks/Python.framework/Versions/3.12/Resources/Python.app/Contents/MacOS/Python venv/bin/gunicorn FA.wsgi:application --bind 127.0.0,2,1,0,1,0.0,0,0,0,356564101,34515076193,545417975267
2026-10-10T11:28:39.258377+00:00,app,65356,65349,0.0,1.1,281520,S,/opt/homebrew/Cellar/python@3.12/3.12.12_2/Frameworks/Python.framework/Versions/3.12/Resources/Python.app/Contents/MacOS/Python venv/bin/gunicorn FA.wsgi:application --bind 127.0.0,2,1,0,1,0.0,0,0,0,356564101,34515076193,545417975267
2026-10-10T11:28:39.258377+00:00,app,65357,65349,75.7,1.0,263600,R,/opt/homebrew/Cellar/python@3.12/3.12.12_2/Frameworks/Python.framework/Versions/3.12/Resources/Python.app/Contents/MacOS/Python venv/bin/gunicorn FA.wsgi:application --bind 127.0.0,2,1,0,1,0.0,0,0,0,356564101,34515076193,545417975267
2026-10-10T11:28:39.258377+00:00,app,65358,65349,0.1,1.2,291136,S,/opt/homebrew/Cellar/python@3.12/3.12.12_2/Frameworks/Python.framework/Versions/3.12/Resources/Python.app/Contents/MacOS/Python venv/bin/gunicorn FA.wsgi:application --bind 127.0.0,2,1,0,1,0.0,0,0,0,356564101,34515076193,545417975267
2026-10-10T11:28:39.258377+00:00,loadgen,65789,65781,0.3,0.3,82128,S,/opt/homebrew/Cellar/python@3.12/3.12.12_2/Frameworks/Python.framework/Versions/3.12/Resources/Python.app/Contents/MacOS/Python venv/bin/locust -f perf/locust/locustfile.py --headl,2,1,0,1,0.0,0,0,0,356564101,34515076193,545417975267
2026-10-10T11:28:41.334081+00:00,app,65349,2547,0.0,0.1,23120,Ss,/opt/homebrew/Cellar/python@3.12/3.12.12_2/Frameworks/Python.framework/Versions/3.12/Resources/Python.app/Contents/MacOS/Python venv/bin/gunicorn FA.wsgi:application --bind 127.0.0,2,1,0,1,0.0,0,0,0,356586497,34515216726,545417975267
2026-10-10T11:28:41.334081+00:00,app,65356,65349,74.0,1.1,281520,R,/opt/homebrew/Cellar/python@3.12/3.12.12_2/Frameworks/Python.framework/Versions/3.12/Resources/Python.app/Contents/MacOS/Python venv/bin/gunicorn FA.wsgi:application --bind 127.0.0,2,1,0,1,0.0,0,0,0,356586497,34515216726,545417975267
2026-10-10T11:28:41.334081+00:00,app,65357,65349,13.3,1.0,263600,S,/opt/homebrew/Cellar/python@3.12/3.12.12_2/Frameworks/Python.framework/Versions/3.12/Resources/Python.app/Contents/MacOS/Python venv/bin/gunicorn FA.wsgi:application --bind 127.0.0,2,1,0,1,0.0,0,0,0,356586497,34515216726,545417975267
2026-10-10T11:28:41.334081+00:00,app,65358,65349,0.0,1.2,291136,S,/opt/homebrew/Cellar/python@3.12/3.12.12_2/Frameworks/Python.framework/Versions/3.12/Resources/Python.app/Contents/MacOS/Python venv/bin/gunicorn FA.wsgi:application --bind 127.0.0,2,1,0,1,0.0,0,0,0,356586497,34515216726,545417975267
2026-10-10T11:28:41.334081+00:00,loadgen,65789,65781,0.4,0.3,82128,S,/opt/homebrew/Cellar/python@3.12/3.12.12_2/Frameworks/Python.framework/Versions/3.12/Resources/Python.app/Contents/MacOS/Python venv/bin/locust -f perf/locust/locustfile.py --headl,2,1,0,1,0.0,0,0,0,356586497,34515216726,545417975267
2026-10-10T11:28:43.408452+00:00,app,65349,2547,0.0,0.1,23120,Ss,/opt/homebrew/Cellar/python@3.12/3.12.12_2/Frameworks/Python.framework/Versions/3.12/Resources/Python.app/Contents/MacOS/Python venv/bin/gunicorn FA.wsgi:application --bind 127.0.0,2,2,0,1,0.016,0,0,0,356604134,34515306021,545417975267
2026-10-10T11:28:43.408452+00:00,app,65356,65349,12.4,1.2,291648,S,/opt/homebrew/Cellar/python@3.12/3.12.12_2/Frameworks/Python.framework/Versions/3.12/Resources/Python.app/Contents/MacOS/Python venv/bin/gunicorn FA.wsgi:application --bind 127.0.0,2,2,0,1,0.016,0,0,0,356604134,34515306021,545417975267
2026-10-10T11:28:43.408452+00:00,app,65357,65349,1.2,1.0,263600,S,/opt/homebrew/Cellar/python@3.12/3.12.12_2/Frameworks/Python.framework/Versions/3.12/Resources/Python.app/Contents/MacOS/Python venv/bin/gunicorn FA.wsgi:application --bind 127.0.0,2,2,0,1,0.016,0,0,0,356604134,34515306021,545417975267
2026-10-10T11:28:43.408452+00:00,app,65358,65349,1.8,1.2,293648,S,/opt/homebrew/Cellar/python@3.12/3.12.12_2/Frameworks/Python.framework/Versions/3.12/Resources/Python.app/Contents/MacOS/Python venv/bin/gunicorn FA.wsgi:application --bind 127.0.0,2,2,0,1,0.016,0,0,0,356604134,34515306021,545417975267
2026-10-10T11:28:43.408452+00:00,loadgen,65789,65781,1.6,0.3,82128,S,/opt/homebrew/Cellar/python@3.12/3.12.12_2/Frameworks/Python.framework/Versions/3.12/Resources/Python.app/Contents/MacOS/Python venv/bin/locust -f perf/locust/locustfile.py --headl,2,2,0,1,0.016,0,0,0,356604134,34515306021,545417975267
2026-10-10T11:28:45.491841+00:00,app,65349,2547,0.0,0.1,23120,Ss,/opt/homebrew/Cellar/python@3.12/3.12.12_2/Frameworks/Python.framework/Versions/3.12/Resources/Python.app/Contents/MacOS/Python venv/bin/gunicorn FA.wsgi:application --bind 127.0.0,1,1,0,0,0.0,0,0,0,356626555,34515374509,545417975267
2026-10-10T11:28:45.491841+00:00,app,65356,65349,0.3,1.1,285504,S,/opt/homebrew/Cellar/python@3.12/3.12.12_2/Frameworks/Python.framework/Versions/3.12/Resources/Python.app/Contents/MacOS/Python venv/bin/gunicorn FA.wsgi:application --bind 127.0.0,1,1,0,0,0.0,0,0,0,356626555,34515374509,545417975267
2026-10-10T11:28:45.491841+00:00,app,65357,65349,0.0,1.0,263600,S,/opt/homebrew/Cellar/python@3.12/3.12.12_2/Frameworks/Python.framework/Versions/3.12/Resources/Python.app/Contents/MacOS/Python venv/bin/gunicorn FA.wsgi:application --bind 127.0.0,1,1,0,0,0.0,0,0,0,356626555,34515374509,545417975267
2026-10-10T11:28:45.491841+00:00,app,65358,65349,1.0,1.2,295680,S,/opt/homebrew/Cellar/python@3.12/3.12.12_2/Frameworks/Python.framework/Versions/3.12/Resources/Python.app/Contents/MacOS/Python venv/bin/gunicorn FA.wsgi:application --bind 127.0.0,1,1,0,0,0.0,0,0,0,356626555,34515374509,545417975267
2026-10-10T11:28:45.491841+00:00,loadgen,65789,65781,0.6,0.3,84032,S,/opt/homebrew/Cellar/python@3.12/3.12.12_2/Frameworks/Python.framework/Versions/3.12/Resources/Python.app/Contents/MacOS/Python venv/bin/locust -f perf/locust/locustfile.py --headl,1,1,0,0,0.0,0,0,0,356626555,34515374509,545417975267
2026-10-10T11:28:47.568955+00:00,app,65349,2547,0.0,0.1,23120,Ss,/opt/homebrew/Cellar/python@3.12/3.12.12_2/Frameworks/Python.framework/Versions/3.12/Resources/Python.app/Contents/MacOS/Python venv/bin/gunicorn FA.wsgi:application --bind 127.0.0,2,2,0,0,0.001,0,0,0,356634107,34515458022,545417975267
2026-10-10T11:28:47.568955+00:00,app,65356,65349,0.0,1.1,285504,S,/opt/homebrew/Cellar/python@3.12/3.12.12_2/Frameworks/Python.framework/Versions/3.12/Resources/Python.app/Contents/MacOS/Python venv/bin/gunicorn FA.wsgi:application --bind 127.0.0,2,2,0,0,0.001,0,0,0,356634107,34515458022,545417975267
2026-10-10T11:28:47.568955+00:00,app,65357,65349,44.0,1.1,284784,S,/opt/homebrew/Cellar/python@3.12/3.12.12_2/Frameworks/Python.framework/Versions/3.12/Resources/Python.app/Contents/MacOS/Python venv/bin/gunicorn FA.wsgi:application --bind 127.0.0,2,2,0,0,0.001,0,0,0,356634107,34515458022,545417975267
2026-10-10T11:28:47.568955+00:00,app,65358,65349,2.9,1.2,299488,S,/opt/homebrew/Cellar/python@3.12/3.12.12_2/Frameworks/Python.framework/Versions/3.12/Resources/Python.app/Contents/MacOS/Python venv/bin/gunicorn FA.wsgi:application --bind 127.0.0,2,2,0,0,0.001,0,0,0,356634107,34515458022,545417975267
2026-10-10T11:28:47.568955+00:00,loadgen,65789,65781,0.9,0.3,84032,S,/opt/homebrew/Cellar/python@3.12/3.12.12_2/Frameworks/Python.framework/Versions/3.12/Resources/Python.app/Contents/MacOS/Python venv/bin/locust -f perf/locust/locustfile.py --headl,2,2,0,0,0.001,0,0,0,356634107,34515458022,545417975267
2026-10-10T11:28:49.647952+00:00,app,65349,2547,0.0,0.1,23120,Ss,/opt/homebrew/Cellar/python@3.12/3.12.12_2/Frameworks/Python.framework/Versions/3.12/Resources/Python.app/Contents/MacOS/Python venv/bin/gunicorn FA.wsgi:application --bind 127.0.0,1,1,0,0,0.0,0,0,0,356637087,34515541682,545417975267
2026-10-10T11:28:49.647952+00:00,app,65356,65349,0.4,1.1,285504,S,/opt/homebrew/Cellar/python@3.12/3.12.12_2/Frameworks/Python.framework/Versions/3.12/Resources/Python.app/Contents/MacOS/Python venv/bin/gunicorn FA.wsgi:application --bind 127.0.0,1,1,0,0,0.0,0,0,0,356637087,34515541682,545417975267
2026-10-10T11:28:49.647952+00:00,app,65357,65349,50.8,1.1,284560,S,/opt/homebrew/Cellar/python@3.12/3.12.12_2/Frameworks/Python.framework/Versions/3.12/Resources/Python.app/Contents/MacOS/Python venv/bin/gunicorn FA.wsgi:application --bind 127.0.0,1,1,0,0,0.0,0,0,0,356637087,34515541682,545417975267
2026-10-10T11:28:49.647952+00:00,app,65358,65349,0.0,1.2,299488,S,/opt/homebrew/Cellar/python@3.12/3.12.12_2/Frameworks/Python.framework/Versions/3.12/Resources/Python.app/Contents/MacOS/Python venv/bin/gunicorn FA.wsgi:application --bind 127.0.0,1,1,0,0,0.0,0,0,0,356637087,34515541682,545417975267
2026-10-10T11:28:49.647952+00:00,loadgen,65789,65781,0.7,0.3,84048,S,/opt/homebrew/Cellar/python@3.12/3.12.12_2/Frameworks/Python.framework/Versions/3.12/Resources/Python.app/Contents/MacOS/Python venv/bin/locust -f perf/locust/locustfile.py --headl,1,1,0,0,0.0,0,0,0,356637087,34515541682,545417975267
2026-10-10T11:28:51.738443+00:00,app,65349,2547,0.0,0.1,23120,Ss,/opt/homebrew/Cellar/python@3.12/3.12.12_2/Frameworks/Python.framework/Versions/3.12/Resources/Python.app/Contents/MacOS/Python venv/bin/gunicorn FA.wsgi:application --bind 127.0.0,1,1,0,0,0.0,0,0,0,356651317,34515601563,545417975267
2026-10-10T11:28:51.738443+00:00,app,65356,65349,0.4,1.1,285520,S,/opt/homebrew/Cellar/python@3.12/3.12.12_2/Frameworks/Python.framework/Versions/3.12/Resources/Python.app/Contents/MacOS/Python venv/bin/gunicorn FA.wsgi:application --bind 127.0.0,1,1,0,0,0.0,0,0,0,356651317,34515601563,545417975267
2026-10-10T11:28:51.738443+00:00,app,65357,65349,2.3,1.1,284624,S,/opt/homebrew/Cellar/python@3.12/3.12.12_2/Frameworks/Python.framework/Versions/3.12/Resources/Python.app/Contents/MacOS/Python venv/bin/gunicorn FA.wsgi:application --bind 127.0.0,1,1,0,0,0.0,0,0,0,356651317,34515601563,545417975267
2026-10-10T11:28:51.738443+00:00,app,65358,65349,0.0,1.2,299488,S,/opt/homebrew/Cellar/python@3.12/3.12.12_2/Frameworks/Python.framework/Versions/3.12/Resources/Python.app/Contents/MacOS/Python venv/bin/gunicorn FA.wsgi:application --bind 127.0.0,1,1,0,0,0.0,0,0,0,356651317,34515601563,545417975267
2026-10-10T11:28:51.738443+00:00,loadgen,65789,65781,0.3,0.3,84048,S,/opt/homebrew/Cellar/python@3.12/3.12.12_2/Frameworks/Python.framework/Versions/3.12/Resources/Python.app/Contents/MacOS/Python venv/bin/locust -f perf/locust/locustfile.py --headl,1,1,0,0,0.0,0,0,0,356651317,34515601563,545417975267
2026-10-10T11:28:53.825191+00:00,app,65349,2547,0.0,0.1,23120,Ss,/opt/homebrew/Cellar/python@3.12/3.12.12_2/Frameworks/Python.framework/Versions/3.12/Resources/Python.app/Contents/MacOS/Python venv/bin/gunicorn FA.wsgi:application --bind 127.0.0,1,1,0,0,0.0,0,0,0,356654657,34515680644,545417975267
2026-10-10T11:28:53.825191+00:00,app,65356,65349,1.3,1.1,285520,S,/opt/homebrew/Cellar/python@3.12/3.12.12_2/Frameworks/Python.framework/Versions/3.12/Resources/Python.app/Contents/MacOS/Python venv/bin/gunicorn FA.wsgi:application --bind 127.0.0,1,1,0,0,0.0,0,0,0,356654657,34515680644,545417975267
2026-10-10T11:28:53.825191+00:00,app,65357,65349,0.0,1.1,284624,S,/opt/homebrew/Cellar/python@3.12/3.12.12_2/Frameworks/Python.framework/Versions/3.12/Resources/Python.app/Contents/MacOS/Python venv/bin/gunicorn FA.wsgi:application --bind 127.0.0,1,1,0,0,0.0,0,0,0,356654657,34515680644,545417975267
2026-10-10T11:28:53.825191+00:00,app,65358,65349,37.2,1.1,289248,S,/opt/homebrew/Cellar/python@3.12/3.12.12_2/Frameworks/Python.framework/Versions/3.12/Resources/Python.app/Contents/MacOS/Python venv/bin/gunicorn FA.wsgi:application --bind 127.0.0,1,1,0,0,0.0,0,0,0,356654657,34515680644,545417975267
2026-10-10T11:28:53.825191+00:00,loadgen,65789,65781,0.4,0.3,84048,S,/opt/homebrew/Cellar/python@3.12/3.12.12_2/Frameworks/Python.framework/Versions/3.12/Resources/Python.app/Contents/MacOS/Python venv/bin/locust -f perf/locust/locustfile.py --headl,1,1,0,0,0.0,0,0,0,356654657,34515680644,545417975267
2026-10-10T11:28:55.913999+00:00,app,65349,2547,0.0,0.1,23120,Ss,/opt/homebrew/Cellar/python@3.12/3.12.12_2/Frameworks/Python.framework/Versions/3.12/Resources/Python.app/Contents/MacOS/Python venv/bin/gunicorn FA.wsgi:application --bind 127.0.0,2,1,0,1,0.0,0,0,0,356654916,34515735168,545417975267
2026-10-10T11:28:55.913999+00:00,app,65356,65349,38.0,1.1,285520,S,/opt/homebrew/Cellar/python@3.12/3.12.12_2/Frameworks/Python.framework/Versions/3.12/Resources/Python.app/Contents/MacOS/Python venv/bin/gunicorn FA.wsgi:application --bind 127.0.0,2,1,0,1,0.0,0,0,0,356654916,34515735168,545417975267
2026-10-10T11:28:55.913999+00:00,app,65357,65349,2.5,1.1,284624,S,/opt/homebrew/Cellar/python@3.12/3.12.12_2/Frameworks/Python.framework/Versions/3.12/Resources/Python.app/Contents/MacOS/Python venv/bin/gunicorn FA.wsgi:application --bind 127.0.0,2,1,0,1,0.0,0,0,0,356654916,34515735168,545417975267
2026-10-10T11:28:55.913999+00:00,app,65358,65349,4.4,1.1,289248,S,/opt/homebrew/Cellar/python@3.12/3.12.12_2/Frameworks/Python.framework/Versions/3.12/Resources/Python.app/Contents/MacOS/Python venv/bin/gunicorn FA.wsgi:application --bind 127.0.0,2,1,0,1,0.0,0,0,0,356654916,34515735168,545417975267
2026-10-10T11:28:55.913999+00:00,loadgen,65789,65781,0.9,0.3,84064,S,/opt/homebrew/Cellar/python@3.12/3.12.12_2/Frameworks/Python.framework/Versions/3.12/Resources/Python.app/Contents/MacOS/Python venv/bin/locust -f perf/locust/locustfile.py --headl,2,1,0,1,0.0,0,0,0,356654916,34515735168,545417975267
2026-10-10T11:28:57.991097+00:00,app,65349,2547,0.0,0.1,23120,Ss,/opt/homebrew/Cellar/python@3.12/3.12.12_2/Frameworks/Python.framework/Versions/3.12/Resources/Python.app/Contents/MacOS/Python venv/bin/gunicorn FA.wsgi:application --bind 127.0.0,2,1,0,1,0.0,0,0,0,356654935,34515823932,545417975267
2026-10-10T11:28:57.991097+00:00,app,65356,65349,18.4,1.1,288544,R,/opt/homebrew/Cellar/python@3.12/3.12.12_2/Frameworks/Python.framework/Versions/3.12/Resources/Python.app/Contents/MacOS/Python venv/bin/gunicorn FA.wsgi:application --bind 127.0.0,2,1,0,1,0.0,0,0,0,356654935,34515823932,545417975267
2026-10-10T11:28:57.991097+00:00,app,65357,65349,6.0,1.1,285296,S,/opt/homebrew/Cellar/python@3.12/3.12.12_2/Frameworks/Python.framework/Versions/3.12/Resources/Python.app/Contents/MacOS/Python venv/bin/gunicorn FA.wsgi:application --bind 127.0.0,2,1,0,1,0.0,0,0,0,356654935,34515823932,545417975267
2026-10-10T11:28:57.991097+00:00,app,65358,65349,95.8,1.1,289248,R,/opt/homebrew/Cellar/python@3.12/3.12.12_2/Frameworks/Python.framework/Versions/3.12/Resources/Python.app/Contents/MacOS/Python venv/bin/gunicorn FA.wsgi:application --bind 127.0.0,2,1,0,1,0.0,0,0,0,356654935,34515823932,545417975267
2026-10-10T11:28:57.991097+00:00,loadgen,65789,65781,0.5,0.3,84064,S,/opt/homebrew/Cellar/python@3.12/3.12.12_2/Frameworks/Python.framework/Versions/3.12/Resources/Python.app/Contents/MacOS/Python venv/bin/locust -f perf/locust/locustfile.py --headl,2,1,0,1,0.0,0,0,0,356654935,34515823932,545417975267
2026-10-10T11:29:00.070553+00:00,app,65349,2547,0.0,0.1,23120,Ss,/opt/homebrew/Cellar/python@3.12/3.12.12_2/Frameworks/Python.framework/Versions/3.12/Resources/Python.app/Contents/MacOS/Python venv/bin/gunicorn FA.wsgi:application --bind 127.0.0,1,1,0,0,0.0,0,0,0,356654936,34515894396,545417975267
2026-10-10T11:29:00.070553+00:00,app,65356,65349,0.4,1.1,288544,S,/opt/homebrew/Cellar/python@3.12/3.12.12_2/Frameworks/Python.framework/Versions/3.12/Resources/Python.app/Contents/MacOS/Python venv/bin/gunicorn FA.wsgi:application --bind 127.0.0,1,1,0,0,0.0,0,0,0,356654936,34515894396,545417975267
2026-10-10T11:29:00.070553+00:00,app,65357,65349,4.2,1.1,285296,S,/opt/homebrew/Cellar/python@3.12/3.12.12_2/Frameworks/Python.framework/Versions/3.12/Resources/Python.app/Contents/MacOS/Python venv/bin/gunicorn FA.wsgi:application --bind 127.0.0,1,1,0,0,0.0,0,0,0,356654936,34515894396,545417975267
2026-10-10T11:29:00.070553+00:00,app,65358,65349,0.1,1.2,293520,S,/opt/homebrew/Cellar/python@3.12/3.12.12_2/Frameworks/Python.framework/Versions/3.12/Resources/Python.app/Contents/MacOS/Python venv/bin/gunicorn FA.wsgi:application --bind 127.0.0,1,1,0,0,0.0,0,0,0,356654936,34515894396,545417975267
2026-10-10T11:29:00.070553+00:00,loadgen,65789,65781,0.3,0.3,84064,S,/opt/homebrew/Cellar/python@3.12/3.12.12_2/Frameworks/Python.framework/Versions/3.12/Resources/Python.app/Contents/MacOS/Python venv/bin/locust -f perf/locust/locustfile.py --headl,1,1,0,0,0.0,0,0,0,356654936,34515894396,545417975267
2026-10-10T11:29:02.153290+00:00,app,65349,2547,0.0,0.1,23120,Ss,/opt/homebrew/Cellar/python@3.12/3.12.12_2/Frameworks/Python.framework/Versions/3.12/Resources/Python.app/Contents/MacOS/Python venv/bin/gunicorn FA.wsgi:application --bind 127.0.0,2,1,0,1,0.0,0,0,0,356654993,34516051729,545417975267
2026-10-10T11:29:02.153290+00:00,app,65356,65349,1.6,1.1,288656,S,/opt/homebrew/Cellar/python@3.12/3.12.12_2/Frameworks/Python.framework/Versions/3.12/Resources/Python.app/Contents/MacOS/Python venv/bin/gunicorn FA.wsgi:application --bind 127.0.0,2,1,0,1,0.0,0,0,0,356654993,34516051729,545417975267
2026-10-10T11:29:02.153290+00:00,app,65357,65349,17.8,1.1,278128,S,/opt/homebrew/Cellar/python@3.12/3.12.12_2/Frameworks/Python.framework/Versions/3.12/Resources/Python.app/Contents/MacOS/Python venv/bin/gunicorn FA.wsgi:application --bind 127.0.0,2,1,0,1,0.0,0,0,0,356654993,34516051729,545417975267
2026-10-10T11:29:02.153290+00:00,app,65358,65349,0.9,1.1,278096,S,/opt/homebrew/Cellar/python@3.12/3.12.12_2/Frameworks/Python.framework/Versions/3.12/Resources/Python.app/Contents/MacOS/Python venv/bin/gunicorn FA.wsgi:application --bind 127.0.0,2,1,0,1,0.0,0,0,0,356654993,34516051729,545417975267
2026-10-10T11:29:02.153290+00:00,loadgen,65789,65781,0.4,0.3,84080,S,/opt/homebrew/Cellar/python@3.12/3.12.12_2/Frameworks/Python.framework/Versions/3.12/Resources/Python.app/Contents/MacOS/Python venv/bin/locust -f perf/locust/locustfile.py --headl,2,1,0,1,0.0,0,0,0,356654993,34516051729,545417975267
2026-10-10T11:29:04.225174+00:00,app,65349,2547,0.0,0.1,23120,Ss,/opt/homebrew/Cellar/python@3.12/3.12.12_2/Frameworks/Python.framework/Versions/3.12/Resources/Python.app/Contents/MacOS/Python venv/bin/gunicorn FA.wsgi:application --bind 127.0.0,3,1,0,2,0.0,0,0,0,356654998,34516087796,545417975267
2026-10-10T11:29:04.225174+00:00,app,65356,65349,59.9,1.1,288832,S,/opt/homebrew/Cellar/python@3.12/3.12.12_2/Frameworks/Python.framework/Versions/3.12/Resources/Python.app/Contents/MacOS/Python venv/bin/gunicorn FA.wsgi:application --bind 127.0.0,3,1,0,2,0.0,0,0,0,356654998,34516087796,545417975267
2026-10-10T11:29:04.225174+00:00,app,65357,65349,3.1,1.1,278128,S,/opt/homebrew/Cellar/python@3.12/3.12.12_2/Frameworks/Python.framework/Versions/3.12/Resources/Python.app/Contents/MacOS/Python venv/bin/gunicorn FA.wsgi:application --bind 127.0.0,3,1,0,2,0.0,0,0,0,356654998,34516087796,545417975267
2026-10-10T11:29:04.225174+00:00,app,65358,65349,69.5,1.1,278096,S,/opt/homebrew/Cellar/python@3.12/3.12.12_2/Frameworks/Python.framework/Versions/3.12/Resources/Python.app/Contents/MacOS/Python venv/bin/gunicorn FA.wsgi:application --bind 127.0.0,3,1,0,2,0.0,0,0,0,356654998,34516087796,545417975267
2026-10-10T11:29:04.225174+00:00,loadgen,65789,65781,0.5,0.3,84080,S,/opt/homebrew/Cellar/python@3.12/3.12.12_2/Frameworks/Python.framework/Versions/3.12/Resources/Python.app/Contents/MacOS/Python venv/bin/locust -f perf/locust/locustfile.py --headl,3,1,0,2,0.0,0,0,0,356654998,34516087796,545417975267
2026-10-10T11:29:06.325268+00:00,app,65349,2547,0.0,0.1,23120,Ss,/opt/homebrew/Cellar/python@3.12/3.12.12_2/Frameworks/Python.framework/Versions/3.12/Resources/Python.app/Contents/MacOS/Python venv/bin/gunicorn FA.wsgi:application --bind 127.0.0,1,1,0,0,0.0,0,0,0,356662069,34516214810,545417975267
2026-10-10T11:29:06.325268+00:00,app,65356,65349,5.2,1.2,298480,S,/opt/homebrew/Cellar/python@3.12/3.12.12_2/Frameworks/Python.framework/Versions/3.12/Resources/Python.app/Contents/MacOS/Python venv/bin/gunicorn FA.wsgi:application --bind 127.0.0,1,1,0,0,0.0,0,0,0,356662069,34516214810,545417975267
2026-10-10T11:29:06.325268+00:00,app,65357,65349,0.3,1.1,278144,S,/opt/homebrew/Cellar/python@3.12/3.12.12_2/Frameworks/Python.framework/Versions/3.12/Resources/Python.app/Contents/MacOS/Python venv/bin/gunicorn FA.wsgi:application --bind 127.0.0,1,1,0,0,0.0,0,0,0,356662069,34516214810,545417975267
2026-10-10T11:29:06.325268+00:00,app,65358,65349,15.9,1.1,286960,S,/opt/homebrew/Cellar/python@3.12/3.12.12_2/Frameworks/Python.framework/Versions/3.12/Resources/Python.app/Contents/MacOS/Python venv/bin/gunicorn FA.wsgi:application --bind 127.0.0,1,1,0,0,0.0,0,0,0,356662069,34516214810,545417975267
2026-10-10T11:29:06.325268+00:00,loadgen,65789,65781,0.7,0.3,85984,S,/opt/homebrew/Cellar/python@3.12/3.12.12_2/Frameworks/Python.framework/Versions/3.12/Resources/Python.app/Contents/MacOS/Python venv/bin/locust -f perf/locust/locustfile.py --headl,1,1,0,0,0.0,0,0,0,356662069,34516214810,545417975267
2026-10-10T11:29:08.398365+00:00,app,65349,2547,0.0,0.1,23120,Ss,/opt/homebrew/Cellar/python@3.12/3.12.12_2/Frameworks/Python.framework/Versions/3.12/Resources/Python.app/Contents/MacOS/Python venv/bin/gunicorn FA.wsgi:application --bind 127.0.0,2,1,0,1,0.0,0,0,0,356676102,34516282779,545417975267
2026-10-10T11:29:08.398365+00:00,app,65356,65349,0.9,1.2,298784,S,/opt/homebrew/Cellar/python@3.12/3.12.12_2/Frameworks/Python.framework/Versions/3.12/Resources/Python.app/Contents/MacOS/Python venv/bin/gunicorn FA.wsgi:application --bind 127.0.0,2,1,0,1,0.0,0,0,0,356676102,34516282779,545417975267
2026-10-10T11:29:08.398365+00:00,app,65357,65349,66.4,1.1,278144,R,/opt/homebrew/Cellar/python@3.12/3.12.12_2/Frameworks/Python.framework/Versions/3.12/Resources/Python.app/Contents/MacOS/Python venv/bin/gunicorn FA.wsgi:application --bind 127.0.0,2,1,0,1,0.0,0,0,0,356676102,34516282779,545417975267
2026-10-10T11:29:08.398365+00:00,app,65358,65349,8.2,1.1,286960,S,/opt/homebrew/Cellar/python@3.12/3.12.12_2/Frameworks/Python.framework/Versions/3.12/Resources/Python.app/Contents/MacOS/Python venv/bin/gunicorn FA.wsgi:application --bind 127.0.0,2,1,0,1,0.0,0,0,0,356676102,34516282779,545417975267
2026-10-10T11:29:08.398365+00:00,loadgen,65789,65781,0.6,0.3,86000,S,/opt/homebrew/Cellar/python@3.12/3.12.12_2/Frameworks/Python.framework/Versions/3.12/Resources/Python.app/Contents/MacOS/Python venv/bin/locust -f perf/locust/locustfile.py --headl,2,1,0,1,0.0,0,0,0,356676102,34516282779,545417975267
2026-10-10T11:29:10.620381+00:00,app,65349,2547,0.0,0.1,23120,Ss,/opt/homebrew/Cellar/python@3.12/3.12.12_2/Frameworks/Python.framework/Versions/3.12/Resources/Python.app/Contents/MacOS/Python venv/bin/gunicorn FA.wsgi:application --bind 127.0.0,1,1,0,0,0.0,0,0,0,356676910,34516425346,545417975267
2026-10-10T11:29:10.620381+00:00,app,65356,65349,1.3,1.2,298784,S,/opt/homebrew/Cellar/python@3.12/3.12.12_2/Frameworks/Python.framework/Versions/3.12/Resources/Python.app/Contents/MacOS/Python venv/bin/gunicorn FA.wsgi:application --bind 127.0.0,1,1,0,0,0.0,0,0,0,356676910,34516425346,545417975267
2026-10-10T11:29:10.620381+00:00,app,65357,65349,6.9,1.1,284896,R,/opt/homebrew/Cellar/python@3.12/3.12.12_2/Frameworks/Python.framework/Versions/3.12/Resources/Python.app/Contents/MacOS/Python venv/bin/gunicorn FA.wsgi:application --bind 127.0.0,1,1,0,0,0.0,0,0,0,356676910,34516425346,545417975267
2026-10-10T11:29:10.620381+00:00,app,65358,65349,0.0,1.1,286960,S,/opt/homebrew/Cellar/python@3.12/3.12.12_2/Frameworks/Python.framework/Versions/3.12/Resources/Python.app/Contents/MacOS/Python venv/bin/gunicorn FA.wsgi:application --bind 127.0.0,1,1,0,0,0.0,0,0,0,356676910,34516425346,545417975267
2026-10-10T11:29:10.620381+00:00,loadgen,65789,65781,1.0,0.3,86000,S,/opt/homebrew/Cellar/python@3.12/3.12.12_2/Frameworks/Python.framework/Versions/3.12/Resources/Python.app/Contents/MacOS/Python venv/bin/locust -f perf/locust/locustfile.py --headl,1,1,0,0,0.0,0,0,0,356676910,34516425346,545417975267
2026-10-10T11:29:12.708566+00:00,app,65349,2547,0.0,0.1,23120,Ss,/opt/homebrew/Cellar/python@3.12/3.12.12_2/Frameworks/Python.framework/Versions/3.12/Resources/Python.app/Contents/MacOS/Python venv/bin/gunicorn FA.wsgi:application --bind 127.0.0,2,1,0,1,0.0,0,0,0,356676912,34516477244,545417975267
2026-10-10T11:29:12.708566+00:00,app,65356,65349,7.2,1.2,298784,S,/opt/homebrew/Cellar/python@3.12/3.12.12_2/Frameworks/Python.framework/Versions/3.12/Resources/Python.app/Contents/MacOS/Python venv/bin/gunicorn FA.wsgi:application --bind 127.0.0,2,1,0,1,0.0,0,0,0,356676912,34516477244,545417975267
2026-10-10T11:29:12.708566+00:00,app,65357,65349,0.0,1.1,284896,S,/opt/homebrew/Cellar/python@3.12/3.12.12_2/Frameworks/Python.framework/Versions/3.12/Resources/Python.app/Contents/MacOS/Python venv/bin/gunicorn FA.wsgi:application --bind 127.0.0,2,1,0,1,0.0,0,0,0,356676912,34516477244,545417975267
2026-10-10T11:29:12.708566+00:00,app,65358,65349,39.3,1.1,286960,R,/opt/homebrew/Cellar/python@3.12/3.12.12_2/Frameworks/Python.framework/Versions/3.12/Resources/Python.app/Contents/MacOS/Python venv/bin/gunicorn FA.wsgi:application --bind 127.0.0,2,1,0,1,0.0,0,0,0,356676912,34516477244,545417975267
2026-10-10T11:29:12.708566+00:00,loadgen,65789,65781,0.7,0.3,86016,S,/opt/homebrew/Cellar/python@3.12/3.12.12_2/Frameworks/Python.framework/Versions/3.12/Resources/Python.app/Contents/MacOS/Python venv/bin/locust -f perf/locust/locustfile.py --headl,2,1,0,1,0.0,0,0,0,356676912,34516477244,545417975267
2026-10-10T11:29:14.876432+00:00,app,65349,2547,0.0,0.1,23120,Ss,/opt/homebrew/Cellar/python@3.12/3.12.12_2/Frameworks/Python.framework/Versions/3.12/Resources/Python.app/Contents/MacOS/Python venv/bin/gunicorn FA.wsgi:application --bind 127.0.0,2,2,0,0,0.01,0,0,0,356676913,34516591723,545417975267
2026-10-10T11:29:14.876432+00:00,app,65356,65349,3.6,1.2,298784,S,/opt/homebrew/Cellar/python@3.12/3.12.12_2/Frameworks/Python.framework/Versions/3.12/Resources/Python.app/Contents/MacOS/Python venv/bin/gunicorn FA.wsgi:application --bind 127.0.0,2,2,0,0,0.01,0,0,0,356676913,34516591723,545417975267
2026-10-10T11:29:14.876432+00:00,app,65357,65349,13.6,1.1,284896,S,/opt/homebrew/Cellar/python@3.12/3.12.12_2/Frameworks/Python.framework/Versions/3.12/Resources/Python.app/Contents/MacOS/Python venv/bin/gunicorn FA.wsgi:application --bind 127.0.0,2,2,0,0,0.01,0,0,0,356676913,34516591723,545417975267
2026-10-10T11:29:14.876432+00:00,app,65358,65349,0.1,1.1,286960,S,/opt/homebrew/Cellar/python@3.12/3.12.12_2/Frameworks/Python.framework/Versions/3.12/Resources/Python.app/Contents/MacOS/Python venv/bin/gunicorn FA.wsgi:application --bind 127.0.0,2,2,0,0,0.01,0,0,0,356676913,34516591723,545417975267
2026-10-10T11:29:14.876432+00:00,loadgen,65789,65781,1.2,0.3,86048,S,/opt/homebrew/Cellar/python@3.12/3.12.12_2/Frameworks/Python.framework/Versions/3.12/Resources/Python.app/Contents/MacOS/Python venv/bin/locust -f perf/locust/locustfile.py --headl,2,2,0,0,0.01,0,0,0,356676913,34516591723,545417975267
2026-10-10T11:29:16.948274+00:00,app,65349,2547,0.0,0.1,23120,Ss,/opt/homebrew/Cellar/python@3.12/3.12.12_2/Frameworks/Python.framework/Versions/3.12/Resources/Python.app/Contents/MacOS/Python venv/bin/gunicorn FA.wsgi:application --bind 127.0.0,2,1,0,1,0.0,0,0,0,356684349,34516635924,545417975267
2026-10-10T11:29:16.948274+00:00,app,65356,65349,0.5,1.2,298784,S,/opt/homebrew/Cellar/python@3.12/3.12.12_2/Frameworks/Python.framework/Versions/3.12/Resources/Python.app/Contents/MacOS/Python venv/bin/gunicorn FA.wsgi:application --bind 127.0.0,2,1,0,1,0.0,0,0,0,356684349,34516635924,545417975267
2026-10-10T11:29:16.948274+00:00,app,65357,65349,2.4,1.1,284896,S,/opt/homebrew/Cellar/python@3.12/3.12.12_2/Frameworks/Python.framework/Versions/3.12/Resources/Python.app/Contents/MacOS/Python venv/bin/gunicorn FA.wsgi:application --bind 127.0.0,2,1,0,1,0.0,0,0,0,356684349,34516635924,545417975267
2026-10-10T11:29:16.948274+00:00,app,65358,65349,71.2,1.1,288464,R,/opt/homebrew/Cellar/python@3.12/3.12.12_2/Frameworks/Python.framework/Versions/3.12/Resources/Python.app/Contents/MacOS/Python venv/bin/gunicorn FA.wsgi:application --bind 127.0.0,2,1,0,1,0.0,0,0,0,356684349,34516635924,545417975267
2026-10-10T11:29:16.948274+00:00,loadgen,65789,65781,0.4,0.3,86048,S,/opt/homebrew/Cellar/python@3.12/3.12.12_2/Frameworks/Python.framework/Versions/3.12/Resources/Python.app/Contents/MacOS/Python venv/bin/locust -f perf/locust/locustfile.py --headl,2,1,0,1,0.0,0,0,0,356684349,34516635924,545417975267
2026-10-10T11:29:19.025306+00:00,app,65349,2547,0.0,0.1,23120,Ss,/opt/homebrew/Cellar/python@3.12/3.12.12_2/Frameworks/Python.framework/Versions/3.12/Resources/Python.app/Contents/MacOS/Python venv/bin/gunicorn FA.wsgi:application --bind 127.0.0,1,1,0,0,0.0,0,0,0,356698835,34516754489,545417975267
2026-10-10T11:29:19.025306+00:00,app,65356,65349,0.0,1.2,298784,S,/opt/homebrew/Cellar/python@3.12/3.12.12_2/Frameworks/Python.framework/Versions/3.12/Resources/Python.app/Contents/MacOS/Python venv/bin/gunicorn FA.wsgi:application --bind 127.0.0,1,1,0,0,0.0,0,0,0,356698835,34516754489,545417975267
2026-10-10T11:29:19.025306+00:00,app,65357,65349,36.7,1.2,289456,S,/opt/homebrew/Cellar/python@3.12/3.12.12_2/Frameworks/Python.framework/Versions/3.12/Resources/Python.app/Contents/MacOS/Python venv/bin/gunicorn FA.wsgi:application --bind 127.0.0,1,1,0,0,0.0,0,0,0,356698835,34516754489,545417975267
2026-10-10T11:29:19.025306+00:00,app,65358,65349,0.2,1.1,288464,S,/opt/homebrew/Cellar/python@3.12/3.12.12_2/Frameworks/Python.framework/Versions/3.12/Resources/Python.app/Contents/MacOS/Python venv/bin/gunicorn FA.wsgi:application --bind 127.0.0,1,1,0,0,0.0,0,0,0,356698835,34516754489,545417975267
2026-10-10T11:29:19.025306+00:00,loadgen,65789,65781,0.7,0.3,86064,S,/opt/homebrew/Cellar/python@3.12/3.12.12_2/Frameworks/Python.framework/Versions/3.12/Resources/Python.app/Contents/MacOS/Python venv/bin/locust -f perf/locust/locustfile.py --headl,1,1,0,0,0.0,0,0,0,356698835,34516754489,545417975267
2026-10-10T11:29:21.108637+00:00,app,65349,2547,0.0,0.1,23120,Ss,/opt/homebrew/Cellar/python@3.12/3.12.12_2/Frameworks/Python.framework/Versions/3.12/Resources/Python.app/Contents/MacOS/Python venv/bin/gunicorn FA.wsgi:application --bind 127.0.0,2,1,0,1,0.0,0,0,0,356705872,34516790264,545417975267
2026-10-10T11:29:21.108637+00:00,app,65356,65349,0.6,1.2,300688,S,/opt/homebrew/Cellar/python@3.12/3.12.12_2/Frameworks/Python.framework/Versions/3.12/Resources/Python.app/Contents/MacOS/Python venv/bin/gunicorn FA.wsgi:application --bind 127.0.0,2,1,0,1,0.0,0,0,0,356705872,34516790264,545417975267
2026-10-10T11:29:21.108637+00:00,app,65357,65349,57.8,1.1,286384,R,/opt/homebrew/Cellar/python@3.12/3.12.12_2/Frameworks/Python.framework/Versions/3.12/Resources/Python.app/Contents/MacOS/Python venv/bin/gunicorn FA.wsgi:application --bind 127.0.0,2,1,0,1,0.0,0,0,0,356705872,34516790264,545417975267
2026-10-10T11:29:21.108637+00:00,app,65358,65349,0.0,1.1,288464,S,/opt/homebrew/Cellar/python@3.12/3.12.12_2/Frameworks/Python.framework/Versions/3.12/Resources/Python.app/Contents/MacOS/Python venv/bin/gunicorn FA.wsgi:application --bind 127.0.0,2,1,0,1,0.0,0,0,0,356705872,34516790264,545417975267
2026-10-10T11:29:21.108637+00:00,loadgen,65789,65781,0.2,0.3,86064,S,/opt/homebrew/Cellar/python@3.12/3.12.12_2/Frameworks/Python.framework/Versions/3.12/Resources/Python.app/Contents/MacOS/Python venv/bin/locust -f perf/locust/locustfile.py --headl,2,1,0,1,0.0,0,0,0,356705872,34516790264,545417975267
2026-10-10T11:29:23.183720+00:00,app,65349,2547,0.0,0.1,23120,Ss,/opt/homebrew/Cellar/python@3.12/3.12.12_2/Frameworks/Python.framework/Versions/3.12/Resources/Python.app/Contents/MacOS/Python venv/bin/gunicorn FA.wsgi:application --bind 127.0.0,1,1,0,0,0.0,0,0,0,356705872,34516937899,545417975267
2026-10-10T11:29:23.183720+00:00,app,65356,65349,4.5,1.2,300688,S,/opt/homebrew/Cellar/python@3.12/3.12.12_2/Frameworks/Python.framework/Versions/3.12/Resources/Python.app/Contents/MacOS/Python venv/bin/gunicorn FA.wsgi:application --bind 127.0.0,1,1,0,0,0.0,0,0,0,356705872,34516937899,545417975267
2026-10-10T11:29:23.183720+00:00,app,65357,65349,2.1,1.1,286384,S,/opt/homebrew/Cellar/python@3.12/3.12.12_2/Frameworks/Python.framework/Versions/3.12/Resources/Python.app/Contents/MacOS/Python venv/bin/gunicorn FA.wsgi:application --bind 127.0.0,1,1,0,0,0.0,0,0,0,356705872,34516937899,545417975267
2026-10-10T11:29:23.183720+00:00,app,65358,65349,0.2,1.1,288464,S,/opt/homebrew/Cellar/python@3.12/3.12.12_2/Frameworks/Python.framework/Versions/3.12/Resources/Python.app/Contents/MacOS/Python venv/bin/gunicorn FA.wsgi:application --bind 127.0.0,1,1,0,0,0.0,0,0,0,356705872,34516937899,545417975267
2026-10-10T11:29:23.183720+00:00,loadgen,65789,65781,0.3,0.3,86096,S,/opt/homebrew/Cellar/python@3.12/3.12.12_2/Frameworks/Python.framework/Versions/3.12/Resources/Python.app/Contents/MacOS/Python venv/bin/locust -f perf/locust/locustfile.py --headl,1,1,0,0,0.0,0,0,0,356705872,34516937899,545417975267
2026-10-10T11:29:25.284418+00:00,app,65349,2547,0.0,0.1,23120,Ss,/opt/homebrew/Cellar/python@3.12/3.12.12_2/Frameworks/Python.framework/Versions/3.12/Resources/Python.app/Contents/MacOS/Python venv/bin/gunicorn FA.wsgi:application --bind 127.0.0,2,1,0,1,0.0,0,0,0,356705875,34516997095,545417975267
2026-10-10T11:29:25.284418+00:00,app,65356,65349,95.5,1.2,292496,R,/opt/homebrew/Cellar/python@3.12/3.12.12_2/Frameworks/Python.framework/Versions/3.12/Resources/Python.app/Contents/MacOS/Python venv/bin/gunicorn FA.wsgi:application --bind 127.0.0,2,1,0,1,0.0,0,0,0,356705875,34516997095,545417975267
2026-10-10T11:29:25.284418+00:00,app,65357,65349,1.5,1.1,286384,S,/opt/homebrew/Cellar/python@3.12/3.12.12_2/Frameworks/Python.framework/Versions/3.12/Resources/Python.app/Contents/MacOS/Python venv/bin/gunicorn FA.wsgi:application --bind 127.0.0,2,1,0,1,0.0,0,0,0,356705875,34516997095,545417975267
2026-10-10T11:29:25.284418+00:00,app,65358,65349,1.5,1.1,288464,S,/opt/homebrew/Cellar/python@3.12/3.12.12_2/Frameworks/Python.framework/Versions/3.12/Resources/Python.app/Contents/MacOS/Python venv/bin/gunicorn FA.wsgi:application --bind 127.0.0,2,1,0,1,0.0,0,0,0,356705875,34516997095,545417975267
2026-10-10T11:29:25.284418+00:00,loadgen,65789,65781,0.2,0.3,86096,S,/opt/homebrew/Cellar/python@3.12/3.12.12_2/Frameworks/Python.framework/Versions/3.12/Resources/Python.app/Contents/MacOS/Python venv/bin/locust -f perf/locust/locustfile.py --headl,2,1,0,1,0.0,0,0,0,356705875,34516997095,545417975267
2026-10-10T11:29:27.358984+00:00,app,65349,2547,0.0,0.1,23120,Ss,/opt/homebrew/Cellar/python@3.12/3.12.12_2/Frameworks/Python.framework/Versions/3.12/Resources/Python.app/Contents/MacOS/Python venv/bin/gunicorn FA.wsgi:application --bind 127.0.0,2,1,0,1,0.0,0,0,0,356719857,34517086697,545417975267
2026-10-10T11:29:27.358984+00:00,app,65356,65349,27.1,1.1,289024,S,/opt/homebrew/Cellar/python@3.12/3.12.12_2/Frameworks/Python.framework/Versions/3.12/Resources/Python.app/Contents/MacOS/Python venv/bin/gunicorn FA.wsgi:application --bind 127.0.0,2,1,0,1,0.0,0,0,0,356719857,34517086697,545417975267
2026-10-10T11:29:27.358984+00:00,app,65357,65349,32.4,1.1,286384,R,/opt/homebrew/Cellar/python@3.12/3.12.12_2/Frameworks/Python.framework/Versions/3.12/Resources/Python.app/Contents/MacOS/Python venv/bin/gunicorn FA.wsgi:application --bind 127.0.0,2,1,0,1,0.0,0,0,0,356719857,34517086697,545417975267
2026-10-10T11:29:27.358984+00:00,app,65358,65349,1.8,1.1,288464,S,/opt/homebrew/Cellar/python@3.12/3.12.12_2/Frameworks/Python.framework/Versions/3.12/Resources/Python.app/Contents/MacOS/Python venv/bin/gunicorn FA.wsgi:application --bind 127.0.0,2,1,0,1,0.0,0,0,0,356719857,34517086697,545417975267
2026-10-10T11:29:27.358984+00:00,loadgen,65789,65781,2.5,0.3,86112,S,/opt/homebrew/Cellar/python@3.12/3.12.12_2/Frameworks/Python.framework/Versions/3.12/Resources/Python.app/Contents/MacOS/Python venv/bin/locust -f perf/locust/locustfile.py --headl,2,1,0,1,0.0,0,0,0,356719857,34517086697,545417975267
2026-10-10T11:29:29.437812+00:00,app,65349,2547,0.0,0.1,23120,Ss,/opt/homebrew/Cellar/python@3.12/3.12.12_2/Frameworks/Python.framework/Versions/3.12/Resources/Python.app/Contents/MacOS/Python venv/bin/gunicorn FA.wsgi:application --bind 127.0.0,1,1,0,0,0.0,0,0,0,356733705,34517125937,545417975267
2026-10-10T11:29:29.437812+00:00,app,65356,65349,0.0,1.1,289024,S,/opt/homebrew/Cellar/python@3.12/3.12.12_2/Frameworks/Python.framework/Versions/3.12/Resources/Python.app/Contents/MacOS/Python venv/bin/gunicorn FA.wsgi:application --bind 127.0.0,1,1,0,0,0.0,0,0,0,356733705,34517125937,545417975267
2026-10-10T11:29:29.437812+00:00,app,65357,65349,0.4,1.1,286384,S,/opt/homebrew/Cellar/python@3.12/3.12.12_2/Frameworks/Python.framework/Versions/3.12/Resources/Python.app/Contents/MacOS/Python venv/bin/gunicorn FA.wsgi:application --bind 127.0.0,1,1,0,0,0.0,0,0,0,356733705,34517125937,545417975267
2026-10-10T11:29:29.437812+00:00,app,65358,65349,0.0,1.1,288464,S,/opt/homebrew/Cellar/python@3.12/3.12.12_2/Frameworks/Python.framework/Versions/3.12/Resources/Python.app/Contents/MacOS/Python venv/bin/gunicorn FA.wsgi:application --bind 127.0.0,1,1,0,0,0.0,0,0,0,356733705,34517125937,545417975267
2026-10-10T11:29:31.526756+00:00,app,65349,2547,0.0,0.1,23120,Ss,/opt/homebrew/Cellar/python@3.12/3.12.12_2/Frameworks/Python.framework/Versions/3.12/Resources/Python.app/Contents/MacOS/Python venv/bin/gunicorn FA.wsgi:application --bind 127.0.0,1,1,0,0,0.0,0,0,0,356733705,34517125937,545417975267
2026-10-10T11:29:31.526756+00:00,app,65356,65349,0.0,1.1,289024,S,/opt/homebrew/Cellar/python@3.12/3.12.12_2/Frameworks/Python.framework/Versions/3.12/Resources/Python.app/Contents/MacOS/Python venv/bin/gunicorn FA.wsgi:application --bind 127.0.0,1,1,0,0,0.0,0,0,0,356733705,34517125937,545417975267
2026-10-10T11:29:31.526756+00:00,app,65357,65349,0.0,1.1,286384,S,/opt/homebrew/Cellar/python@3.12/3.12.12_2/Frameworks/Python.framework/Versions/3.12/Resources/Python.app/Contents/MacOS/Python venv/bin/gunicorn FA.wsgi:application --bind 127.0.0,1,1,0,0,0.0,0,0,0,356733705,34517125937,545417975267
2026-10-10T11:29:31.526756+00:00,app,65358,65349,0.0,1.1,288464,S,/opt/homebrew/Cellar/python@3.12/3.12.12_2/Frameworks/Python.framework/Versions/3.12/Resources/Python.app/Contents/MacOS/Python venv/bin/gunicorn FA.wsgi:application --bind 127.0.0,1,1,0,0,0.0,0,0,0,356733705,34517125937,545417975267
2026-10-10T11:29:33.618140+00:00,app,65349,2547,0.0,0.1,23120,Ss,/opt/homebrew/Cellar/python@3.12/3.12.12_2/Frameworks/Python.framework/Versions/3.12/Resources/Python.app/Contents/MacOS/Python venv/bin/gunicorn FA.wsgi:application --bind 127.0.0,1,1,0,0,0.0,0,0,0,356733705,34517125937,545417975267
2026-10-10T11:29:33.618140+00:00,app,65356,65349,0.0,1.1,289024,S,/opt/homebrew/Cellar/python@3.12/3.12.12_2/Frameworks/Python.framework/Versions/3.12/Resources/Python.app/Contents/MacOS/Python venv/bin/gunicorn FA.wsgi:application --bind 127.0.0,1,1,0,0,0.0,0,0,0,356733705,34517125937,545417975267
2026-10-10T11:29:33.618140+00:00,app,65357,65349,0.0,1.1,286384,S,/opt/homebrew/Cellar/python@3.12/3.12.12_2/Frameworks/Python.framework/Versions/3.12/Resources/Python.app/Contents/MacOS/Python venv/bin/gunicorn FA.wsgi:application --bind 127.0.0,1,1,0,0,0.0,0,0,0,356733705,34517125937,545417975267
2026-10-10T11:29:33.618140+00:00,app,65358,65349,0.0,1.1,288464,S,/opt/homebrew/Cellar/python@3.12/3.12.12_2/Frameworks/Python.framework/Versions/3.12/Resources/Python.app/Contents/MacOS/Python venv/bin/gunicorn FA.wsgi:application --bind 127.0.0,1,1,0,0,0.0,0,0,0,356733705,34517125937,545417975267
2026-10-10T11:29:35.704820+00:00,app,65349,2547,0.0,0.1,23120,Ss,/opt/homebrew/Cellar/python@3.12/3.12.12_2/Frameworks/Python.framework/Versions/3.12/Resources/Python.app/Contents/MacOS/Python venv/bin/gunicorn FA.wsgi:application --bind 127.0.0,1,1,0,0,0.0,0,0,0,356733705,34517125937,545417975267
2026-10-10T11:29:35.704820+00:00,app,65356,65349,0.0,1.1,289024,S,/opt/homebrew/Cellar/python@3.12/3.12.12_2/Frameworks/Python.framework/Versions/3.12/Resources/Python.app/Contents/MacOS/Python venv/bin/gunicorn FA.wsgi:application --bind 127.0.0,1,1,0,0,0.0,0,0,0,356733705,34517125937,545417975267
2026-10-10T11:29:35.704820+00:00,app,65357,65349,0.0,1.1,286384,S,/opt/homebrew/Cellar/python@3.12/3.12.12_2/Frameworks/Python.framework/Versions/3.12/Resources/Python.app/Contents/MacOS/Python venv/bin/gunicorn FA.wsgi:application --bind 127.0.0,1,1,0,0,0.0,0,0,0,356733705,34517125937,545417975267
2026-10-10T11:29:35.704820+00:00,app,65358,65349,0.0,1.1,288464,S,/opt/homebrew/Cellar/python@3.12/3.12.12_2/Frameworks/Python.framework/Versions/3.12/Resources/Python.app/Contents/MacOS/Python venv/bin/gunicorn FA.wsgi:application --bind 127.0.0,1,1,0,0,0.0,0,0,0,356733705,34517125937,545417975267
2026-10-10T11:29:37.800441+00:00,app,65349,2547,0.0,0.1,23120,Ss,/opt/homebrew/Cellar/python@3.12/3.12.12_2/Frameworks/Python.framework/Versions/3.12/Resources/Python.app/Contents/MacOS/Python venv/bin/gunicorn FA.wsgi:application --bind 127.0.0,1,1,0,0,0.0,0,0,0,356733705,34517125937,545417975267
2026-10-10T11:29:37.800441+00:00,app,65356,65349,0.0,1.1,289024,S,/opt/homebrew/Cellar/python@3.12/3.12.12_2/Frameworks/Python.framework/Versions/3.12/Resources/Python.app/Contents/MacOS/Python venv/bin/gunicorn FA.wsgi:application --bind 127.0.0,1,1,0,0,0.0,0,0,0,356733705,34517125937,545417975267
2026-10-10T11:29:37.800441+00:00,app,65357,65349,0.0,1.1,286384,S,/opt/homebrew/Cellar/python@3.12/3.12.12_2/Frameworks/Python.framework/Versions/3.12/Resources/Python.app/Contents/MacOS/Python venv/bin/gunicorn FA.wsgi:application --bind 127.0.0,1,1,0,0,0.0,0,0,0,356733705,34517125937,545417975267
2026-10-10T11:29:37.800441+00:00,app,65358,65349,0.0,1.1,288464,S,/opt/homebrew/Cellar/python@3.12/3.12.12_2/Frameworks/Python.framework/Versions/3.12/Resources/Python.app/Contents/MacOS/Python venv/bin/gunicorn FA.wsgi:application --bind 127.0.0,1,1,0,0,0.0,0,0,0,356733705,34517125937,545417975267
2026-10-10T11:29:39.871204+00:00,app,65349,2547,0.0,0.1,23120,Ss,/opt/homebrew/Cellar/python@3.12/3.12.12_2/Frameworks/Python.framework/Versions/3.12/Resources/Python.app/Contents/MacOS/Python venv/bin/gunicorn FA.wsgi:application --bind 127.0.0,1,1,0,0,0.0,0,0,0,356733705,34517125937,545417975267
2026-10-10T11:29:39.871204+00:00,app,65356,65349,0.0,1.1,289024,S,/opt/homebrew/Cellar/python@3.12/3.12.12_2/Frameworks/Python.framework/Versions/3.12/Resources/Python.app/Contents/MacOS/Python venv/bin/gunicorn FA.wsgi:application --bind 127.0.0,1,1,0,0,0.0,0,0,0,356733705,34517125937,545417975267
2026-10-10T11:29:39.871204+00:00,app,65357,65349,0.0,1.1,286384,S,/opt/homebrew/Cellar/python@3.12/3.12.12_2/Frameworks/Python.framework/Versions/3.12/Resources/Python.app/Contents/MacOS/Python venv/bin/gunicorn FA.wsgi:application --bind 127.0.0,1,1,0,0,0.0,0,0,0,356733705,34517125937,545417975267
2026-10-10T11:29:39.871204+00:00,app,65358,65349,0.0,1.1,288464,S,/opt/homebrew/Cellar/python@3.12/3.12.12_2/Frameworks/Python.framework/Versions/3.12/Resources/Python.app/Contents/MacOS/Python venv/bin/gunicorn FA.wsgi:application --bind 127.0.0,1,1,0,0,0.0,0,0,0,356733705,34517125937,545417975267
2026-10-10T11:29:41.965236+00:00,app,65349,2547,0.0,0.1,23120,Ss,/opt/homebrew/Cellar/python@3.12/3.12.12_2/Frameworks/Python.framework/Versions/3.12/Resources/Python.app/Contents/MacOS/Python venv/bin/gunicorn FA.wsgi:application --bind 127.0.0,1,1,0,0,0.0,0,0,0,356733705,34517125937,545417975267
2026-10-10T11:29:41.965236+00:00,app,65356,65349,0.0,1.1,289024,S,/opt/homebrew/Cellar/python@3.12/3.12.12_2/Frameworks/Python.framework/Versions/3.12/Resources/Python.app/Contents/MacOS/Python venv/bin/gunicorn FA.wsgi:application --bind 127.0.0,1,1,0,0,0.0,0,0,0,356733705,34517125937,545417975267
2026-10-10T11:29:41.965236+00:00,app,65357,65349,0.0,1.1,286384,S,/opt/homebrew/Cellar/python@3.12/3.12.12_2/Frameworks/Python.framework/Versions/3.12/Resources/Python.app/Contents/MacOS/Python venv/bin/gunicorn FA.wsgi:application --bind 127.0.0,1,1,0,0,0.0,0,0,0,356733705,34517125937,545417975267
2026-10-10T11:29:41.965236+00:00,app,65358,65349,0.0,1.1,288464,S,/opt/homebrew/Cellar/python@3.12/3.12.12_2/Frameworks/Python.framework/Versions/3.12/Resources/Python.app/Contents/MacOS/Python venv/bin/gunicorn FA.wsgi:application --bind 127.0.0,1,1,0,0,0.0,0,0,0,356733705,34517125937,545417975267
2026-10-10T11:29:44.052962+00:00,app,65349,2547,0.0,0.1,23120,Ss,/opt/homebrew/Cellar/python@3.12/3.12.12_2/Frameworks/Python.framework/Versions/3.12/Resources/Python.app/Contents/MacOS/Python venv/bin/gunicorn FA.wsgi:application --bind 127.0.0,1,1,0,0,0.0,0,0,0,356734553,34517130289,545417975267
2026-10-10T11:29:44.052962+00:00,app,65356,65349,0.0,1.1,289024,S,/opt/homebrew/Cellar/python@3.12/3.12.12_2/Frameworks/Python.framework/Versions/3.12/Resources/Python.app/Contents/MacOS/Python venv/bin/gunicorn FA.wsgi:application --bind 127.0.0,1,1,0,0,0.0,0,0,0,356734553,34517130289,545417975267
2026-10-10T11:29:44.052962+00:00,app,65357,65349,0.0,1.1,286384,S,/opt/homebrew/Cellar/python@3.12/3.12.12_2/Frameworks/Python.framework/Versions/3.12/Resources/Python.app/Contents/MacOS/Python venv/bin/gunicorn FA.wsgi:application --bind 127.0.0,1,1,0,0,0.0,0,0,0,356734553,34517130289,545417975267
2026-10-10T11:29:44.052962+00:00,app,65358,65349,0.0,1.1,288464,S,/opt/homebrew/Cellar/python@3.12/3.12.12_2/Frameworks/Python.framework/Versions/3.12/Resources/Python.app/Contents/MacOS/Python venv/bin/gunicorn FA.wsgi:application --bind 127.0.0,1,1,0,0,0.0,0,0,0,356734553,34517130289,545417975267
2026-10-10T11:29:46.140791+00:00,app,65349,2547,0.0,0.1,23120,Ss,/opt/homebrew/Cellar/python@3.12/3.12.12_2/Frameworks/Python.framework/Versions/3.12/Resources/Python.app/Contents/MacOS/Python venv/bin/gunicorn FA.wsgi:application --bind 127.0.0,1,1,0,0,0.0,0,0,0,356734553,34517130289,545417975267
2026-10-10T11:29:46.140791+00:00,app,65356,65349,0.0,1.1,289024,S,/opt/homebrew/Cellar/python@3.12/3.12.12_2/Frameworks/Python.framework/Versions/3.12/Resources/Python.app/Contents/MacOS/Python venv/bin/gunicorn FA.wsgi:application --bind 127.0.0,1,1,0,0,0.0,0,0,0,356734553,34517130289,545417975267
2026-10-10T11:29:46.140791+00:00,app,65357,65349,0.0,1.1,286384,S,/opt/homebrew/Cellar/python@3.12/3.12.12_2/Frameworks/Python.framework/Versions/3.12/Resources/Python.app/Contents/MacOS/Python venv/bin/gunicorn FA.wsgi:application --bind 127.0.0,1,1,0,0,0.0,0,0,0,356734553,34517130289,545417975267
2026-10-10T11:29:46.140791+00:00,app,65358,65349,0.0,1.1,288464,S,/opt/homebrew/Cellar/python@3.12/3.12.12_2/Frameworks/Python.framework/Versions/3.12/Resources/Python.app/Contents/MacOS/Python venv/bin/gunicorn FA.wsgi:application --bind 127.0.0,1,1,0,0,0.0,0,0,0,356734553,34517130289,545417975267
2026-10-10T11:29:48.230586+00:00,app,65349,2547,0.0,0.1,23120,Ss,/opt/homebrew/Cellar/python@3.12/3.12.12_2/Frameworks/Python.framework/Versions/3.12/Resources/Python.app/Contents/MacOS/Python venv/bin/gunicorn FA.wsgi:application --bind 127.0.0,1,1,0,0,0.0,0,0,0,356734553,34517130289,545417975267
2026-10-10T11:29:48.230586+00:00,app,65356,65349,0.0,1.1,289024,S,/opt/homebrew/Cellar/python@3.12/3.12.12_2/Frameworks/Python.framework/Versions/3.12/Resources/Python.app/Contents/MacOS/Python venv/bin/gunicorn FA.wsgi:application --bind 127.0.0,1,1,0,0,0.0,0,0,0,356734553,34517130289,545417975267
2026-10-10T11:29:48.230586+00:00,app,65357,65349,0.0,1.1,286384,S,/opt/homebrew/Cellar/python@3.12/3.12.12_2/Frameworks/Python.framework/Versions/3.12/Resources/Python.app/Contents/MacOS/Python venv/bin/gunicorn FA.wsgi:application --bind 127.0.0,1,1,0,0,0.0,0,0,0,356734553,34517130289,545417975267
2026-10-10T11:29:48.230586+00:00,app,65358,65349,0.0,1.1,288464,S,/opt/homebrew/Cellar/python@3.12/3.12.12_2/Frameworks/Python.framework/Versions/3.12/Resources/Python.app/Contents/MacOS/Python venv/bin/gunicorn FA.wsgi:application --bind 127.0.0,1,1,0,0,0.0,0,0,0,356734553,34517130289,545417975267
