tenant,entity,endpoint,status_counts,samples,errors,min_ms,p50_ms,p95_ms,p99_ms,max_ms,avg_bytes,min_rows,max_rows,totals
small,5,auth/me,"{""200"": 6}",6,0,40.741,44.284,47.215,47.709,47.833,4245,0,0,
small,5,entity/context,"{""200"": 6}",6,0,53.473,57.593,61.008,61.674,61.841,766,1,1,
small,5,dashboard/home-meta,"{""200"": 6}",6,0,68.916,73.544,504.697,610.995,637.57,14589,0,0,
small,5,sales/invoices/lookup,"{""200"": 6}",6,0,87.257,100.303,152.048,161.498,163.86,47650,100,100,
small,5,sales/invoices/list,"{""200"": 6}",6,0,86.755,91.462,139.745,150.1,152.688,56962,100,100,
small,5,purchase/invoices/lookup,"{""200"": 6}",6,0,61.208,67.471,162.158,186.773,192.927,46545,100,100,
small,5,purchase/invoices/list,"{""200"": 6}",6,0,248.513,281.347,576.274,628.139,641.105,522235,500,500,
small,5,reports/financial/daybook,"{""200"": 6}",6,0,194.209,254.819,352.776,370.054,374.374,36469,50,50,1500
small,5,reports/financial/ledger-summary,"{""200"": 6}",6,0,95.213,139.514,188.437,189.067,189.224,5534,6,6,
small,5,reports/receivables/aging-summary,"{""200"": 6}",6,0,125.729,147.164,152.689,152.79,152.815,4557,1,1,
small,5,reports/receivables/aging-invoice,"{""200"": 6}",6,0,158.244,161.916,272.789,301.658,308.875,199537,100,100,
small,5,reports/receivables/open-items,"{""200"": 6}",6,0,131.967,135.315,170.633,178.652,180.657,149334,100,100,
small,5,reports/payables/vendor-outstanding,"{""200"": 6}",6,0,141.831,151.252,155.251,155.622,155.715,14454,1,1,
small,5,reports/payables/vendor-outstanding-voucher,"{""200"": 6}",6,0,133.125,144.612,179.486,186.087,187.737,14538,1,1,
small,5,reports/gstr1/summary,"{""200"": 6}",6,0,143.168,156.282,209.256,214.684,216.041,2718,0,0,
small,5,reports/gstr1/readiness,"{""200"": 6}",6,0,229.358,236.202,297.416,307.803,310.4,3754,0,0,
small,5,reports/gstr3b/summary,"{""200"": 6}",6,0,245.048,254.223,347.688,371.509,377.464,5015,0,0,
small,5,reports/sales/gstin,"{""200"": 6}",6,0,37.88,39.642,43.883,44.588,44.764,1661,1,1,1
medium,6,auth/me,"{""200"": 6}",6,0,45.142,59.828,99.087,103.704,104.858,4256,0,0,
medium,6,entity/context,"{""200"": 6}",6,0,55.124,57.452,59.018,59.124,59.15,768,1,1,
medium,6,dashboard/home-meta,"{""200"": 6}",6,0,67.933,69.221,72.237,72.47,72.528,14591,0,0,
medium,6,sales/invoices/lookup,"{""200"": 6}",6,0,86.126,102.983,166.281,175.655,177.998,47732,100,100,
medium,6,sales/invoices/list,"{""200"": 6}",6,0,88.97,90.096,124.613,133.26,135.421,56962,100,100,
medium,6,purchase/invoices/lookup,"{""200"": 6}",6,0,66.325,73.439,78.738,79.408,79.576,46573,100,100,
medium,6,purchase/invoices/list,"{""200"": 6}",6,0,257.291,282.483,356.258,365.676,368.03,522305,500,500,
medium,6,reports/financial/daybook,"{""200"": 6}",6,0,172.749,190.748,231.497,232.019,232.149,36670,50,50,1500
medium,6,reports/financial/ledger-summary,"{""200"": 6}",6,0,89.573,109.252,131.779,135.52,136.455,5538,6,6,
medium,6,reports/receivables/aging-summary,"{""200"": 6}",6,0,118.137,125.112,145.131,149.761,150.919,4557,1,1,
medium,6,reports/receivables/aging-invoice,"{""200"": 6}",6,0,147.706,173.815,317.149,349.602,357.715,200129,100,100,
medium,6,reports/receivables/open-items,"{""200"": 6}",6,0,133.308,138.137,243.417,267.429,273.432,150006,100,100,
medium,6,reports/payables/vendor-outstanding,"{""200"": 6}",6,0,113.16,125.892,148.133,149.203,149.47,14454,1,1,
medium,6,reports/payables/vendor-outstanding-voucher,"{""200"": 6}",6,0,113.192,114.277,121.074,121.879,122.08,14538,1,1,
medium,6,reports/gstr1/summary,"{""200"": 6}",6,0,110.36,117.864,133.017,135.557,136.192,2718,0,0,
medium,6,reports/gstr1/readiness,"{""200"": 6}",6,0,228.29,234.923,255.341,256.795,257.159,3754,0,0,
medium,6,reports/gstr3b/summary,"{""200"": 6}",6,0,246.534,283.437,326.625,333.911,335.732,5015,0,0,
medium,6,reports/sales/gstin,"{""200"": 6}",6,0,38.548,41.543,44.834,45.098,45.164,1661,1,1,1
large,7,auth/me,"{""200"": 6}",6,0,42.041,44.144,51.59,52.255,52.421,4245,0,0,
large,7,entity/context,"{""200"": 6}",6,0,54.055,56.985,59.408,59.556,59.593,766,1,1,
large,7,dashboard/home-meta,"{""200"": 6}",6,0,70.895,72.97,172.846,187.666,191.371,14589,0,0,
large,7,sales/invoices/lookup,"{""200"": 6}",6,0,85.776,98.148,102.985,103.897,104.125,47721,100,100,
large,7,sales/invoices/list,"{""200"": 6}",6,0,87.065,94.562,104.944,106.592,107.004,56962,100,100,
large,7,purchase/invoices/lookup,"{""200"": 6}",6,0,64.933,84.748,160.939,173.957,177.211,46662,100,100,
large,7,purchase/invoices/list,"{""200"": 6}",6,0,239.825,268.197,512.49,534.853,540.444,522735,500,500,
large,7,reports/financial/daybook,"{""200"": 6}",6,0,180.809,210.768,350.242,386.376,395.41,36667,50,50,1500
large,7,reports/financial/ledger-summary,"{""200"": 6}",6,0,87.798,92.225,127.367,134.793,136.65,5540,6,6,
large,7,reports/receivables/aging-summary,"{""200"": 6}",6,0,120.361,125.675,132.775,133.767,134.015,4557,1,1,
large,7,reports/receivables/aging-invoice,"{""200"": 6}",6,0,148.308,212.267,309.676,316.377,318.052,200185,100,100,
large,7,reports/receivables/open-items,"{""200"": 6}",6,0,135.336,147.482,298.09,330.483,338.581,149982,100,100,
large,7,reports/payables/vendor-outstanding,"{""200"": 6}",6,0,118.064,134.438,158.195,161.873,162.793,14452,1,1,
large,7,reports/payables/vendor-outstanding-voucher,"{""200"": 6}",6,0,110.606,114.879,116.585,116.957,117.05,14536,1,1,
large,7,reports/gstr1/summary,"{""200"": 6}",6,0,109.041,114.785,116.255,116.317,116.333,2718,0,0,
large,7,reports/gstr1/readiness,"{""200"": 6}",6,0,233.297,234.431,236.507,236.805,236.879,3754,0,0,
large,7,reports/gstr3b/summary,"{""200"": 6}",6,0,250.97,255.082,348.725,371.547,377.252,5015,0,0,
large,7,reports/sales/gstin,"{""200"": 6}",6,0,38.932,40.163,41.203,41.322,41.352,1661,1,1,1
