Timestamp,User Count,Type,Name,Requests/s,Failures/s,50%,66%,75%,80%,90%,95%,98%,99%,99.9%,99.99%,100%,Total Request Count,Total Failure Count,Total Median Response Time,Total Average Response Time,Total Min Response Time,Total Max Response Time,Total Average Content Size
1791646369,0,,Aggregated,0.000000,0.000000,N/A,N/A,N/A,N/A,N/A,N/A,N/A,N/A,N/A,N/A,N/A,0,0,0,0.0,0,0,0
1791646370,10,,Aggregated,0.000000,0.000000,840,840,840,840,840,840,840,840,840,840,840,6,0,420.0,628.8497014999544,416.5520840033423,842.1717499950319,4322.0
1791646371,10,,Aggregated,0.000000,0.000000,340,420,750,800,1100,1100,1400,1400,1400,1400,1400,40,0,340.0,434.5569625751523,60.14970900287153,1388.3646250033053,13655.375
1791646372,10,,Aggregated,3.000000,0.000000,340,420,440,760,840,1100,1400,1400,1400,1400,1400,42,0,300.0,419.20062704784436,55.721333003020845,1388.3646250033053,17809.64285714286
1791646373,10,,Aggregated,17.500000,0.000000,270,410,430,750,840,1100,1400,1400,1400,1400,1400,46,0,250.0,393.5209076523239,55.721333003020845,1388.3646250033053,22947.847826086956
1791646374,10,,Aggregated,13.666667,0.000000,210,390,420,440,840,1100,1100,1400,1400,1400,1400,52,0,210.0,364.9432067693572,55.721333003020845,1388.3646250033053,38074.61538461538
1791646375,10,,Aggregated,13.666667,0.000000,210,380,420,440,840,1100,1100,1400,1400,1400,1400,55,0,210.0,350.37949703652305,55.721333003020845,1388.3646250033053,38001.836363636365
1791646376,10,,Aggregated,10.200000,0.000000,190,340,410,420,840,1100,1100,1400,1400,1400,1400,61,0,190.0,326.2966585247281,55.721333003020845,1388.3646250033053,38349.27868852459
1791646377,10,,Aggregated,9.166667,0.000000,180,270,400,420,840,1100,1100,1400,1400,1400,1400,65,0,180.0,311.1054308153913,55.721333003020845,1388.3646250033053,37656.06153846154
1791646378,10,,Aggregated,9.166667,0.000000,170,250,390,420,800,1100,1100,1400,1400,1400,1400,71,0,170.0,292.75561976060027,54.77566699846648,1388.3646250033053,40751.40845070423
1791646379,10,,Aggregated,8.571429,0.000000,170,250,380,420,800,1100,1100,1400,1400,1400,1400,75,0,170.0,282.55379281346296,54.77566699846648,1388.3646250033053,39955.92
1791646380,10,,Aggregated,8.000000,0.000000,170,250,340,410,800,1100,1100,1400,1400,1400,1400,78,0,150.0,278.3638712949491,54.77566699846648,1388.3646250033053,40586.03846153846
1791646381,10,,Aggregated,7.500000,0.000000,150,210,340,400,760,840,1100,1400,1400,1400,1400,82,0,150.0,268.7873328536736,54.77566699846648,1388.3646250033053,40001.29268292683
1791646382,10,,Aggregated,7.500000,0.000000,150,210,300,390,760,840,1100,1400,1400,1400,1400,89,0,150.0,261.4329934719913,49.05541700281901,1388.3646250033053,40119.573033707864
1791646383,10,,Aggregated,4.600000,0.000000,150,210,300,380,750,840,1100,1400,1400,1400,1400,93,0,150.0,258.03132438714556,49.05541700281901,1388.3646250033053,42588.56989247312
1791646384,10,,Aggregated,4.500000,0.000000,150,210,280,340,750,840,1100,1400,1400,1400,1400,98,0,150.0,253.4394553776834,49.05541700281901,1388.3646250033053,41095.12244897959
1791646385,10,,Aggregated,4.700000,0.000000,150,210,270,340,440,840,1100,1100,1400,1400,1400,102,0,150.0,249.4434101374959,49.05541700281901,1388.3646250033053,42105.78431372549
1791646386,10,,Aggregated,4.700000,0.000000,150,210,270,340,440,840,1100,1100,1400,1400,1400,105,0,150.0,247.5003083431234,49.05541700281901,1388.3646250033053,47441.87619047619
1791646387,10,,Aggregated,4.500000,0.000000,150,210,270,320,440,840,1100,1100,1400,1400,1400,110,0,150.0,243.933267809321,40.4915830004029,1388.3646250033053,50849.43636363636
1791646388,10,,Aggregated,4.600000,0.000000,150,210,270,300,430,840,1100,1100,1400,1400,1400,115,0,150.0,238.585663774195,40.4915830004029,1388.3646250033053,49309.391304347824
1791646389,10,,Aggregated,4.600000,0.000000,140,210,270,300,440,840,1100,1100,1400,1400,1400,119,0,140.0,236.64587255482448,40.4915830004029,1388.3646250033053,49763.075630252104
1791646390,10,,Aggregated,4.600000,0.000000,150,210,270,300,430,840,1100,1100,1400,1400,1400,123,0,150.0,235.48778388640943,40.4915830004029,1388.3646250033053,49535.52032520325
1791646391,10,,Aggregated,4.100000,0.000000,150,240,270,320,470,840,1100,1100,1400,1400,1400,128,0,150.0,244.01833822679464,40.4915830004029,1388.3646250033053,48826.046875
1791646392,10,,Aggregated,4.500000,0.000000,150,230,270,300,440,840,1100,1100,1400,1400,1400,132,0,150.0,241.98457892453007,40.4915830004029,1388.3646250033053,48829.704545454544
1791646393,10,,Aggregated,4.500000,0.000000,150,230,270,300,440,840,1100,1100,1400,1400,1400,138,0,150.0,238.99471376854058,40.4915830004029,1388.3646250033053,51571.434782608696
1791646394,10,,Aggregated,4.600000,0.000000,150,230,270,300,440,800,1100,1100,1400,1400,1400,141,0,150.0,238.49283658905765,40.4915830004029,1388.3646250033053,52328.87943262411
1791646395,10,,Aggregated,4.600000,0.000000,150,210,270,300,440,800,1100,1100,1400,1400,1400,150,0,150.0,232.84241639383254,40.4915830004029,1388.3646250033053,52710.31333333333
1791646396,10,,Aggregated,4.600000,0.000000,150,210,270,280,430,800,1100,1100,1400,1400,1400,152,0,150.0,230.85632319788076,40.4915830004029,1388.3646250033053,52629.96052631579
1791646397,10,,Aggregated,4.500000,0.000000,150,210,270,280,430,800,1100,1100,1400,1400,1400,154,0,150.0,229.05972132517113,40.4915830004029,1388.3646250033053,52135.93506493507
1791646398,10,,Aggregated,4.700000,0.000000,150,230,270,300,430,760,1100,1100,1400,1400,1400,162,0,150.0,233.8089773707727,40.4915830004029,1388.3646250033053,51903.41975308642
1791646399,10,,Aggregated,4.400000,0.000000,150,230,270,300,430,760,1100,1100,1400,1400,1400,167,0,150.0,232.88535653928247,40.4915830004029,1388.3646250033053,51188.209580838324
1791646400,10,,Aggregated,4.600000,0.000000,150,210,270,300,430,760,1100,1100,1400,1400,1400,174,0,150.0,228.73620713256258,40.4915830004029,1388.3646250033053,50948.137931034486
1791646401,10,,Aggregated,5.000000,0.000000,150,210,270,300,430,760,1100,1100,1400,1400,1400,177,0,150.0,229.02737475743703,40.4915830004029,1388.3646250033053,53309.09039548023
1791646402,10,,Aggregated,5.000000,0.000000,150,210,270,290,430,750,1100,1100,1400,1400,1400,182,0,150.0,226.33100044541797,40.4915830004029,1388.3646250033053,53232.71978021978
1791646403,10,,Aggregated,4.800000,0.000000,150,210,270,290,430,750,1100,1100,1400,1400,1400,186,0,150.0,227.39189201116284,40.4915830004029,1388.3646250033053,52204.54301075269
1791646404,10,,Aggregated,5.100000,0.000000,160,210,270,300,420,750,1100,1100,1400,1400,1400,192,0,150.0,227.950840260822,40.4915830004029,1388.3646250033053,55360.932291666664
1791646405,10,,Aggregated,5.100000,0.000000,150,210,270,300,420,750,1100,1100,1400,1400,1400,193,0,150.0,227.4349449330822,40.4915830004029,1388.3646250033053,55149.678756476686
1791646406,10,,Aggregated,5.000000,0.000000,170,230,280,340,430,750,1000,1100,1400,1400,1400,203,0,170.0,237.49196099053168,40.4915830004029,1388.3646250033053,54960.9802955665
1791646407,10,,Aggregated,4.500000,0.000000,160,230,280,340,430,750,1000,1100,1400,1400,1400,205,0,160.0,236.01039287356642,40.4915830004029,1388.3646250033053,54706.3756097561
1791646408,10,,Aggregated,4.900000,0.000000,160,210,280,320,420,750,1000,1100,1400,1400,1400,212,0,160.0,231.4483606324362,40.4915830004029,1388.3646250033053,53723.34433962264
1791646409,10,,Aggregated,4.900000,0.000000,160,210,270,320,420,750,1000,1100,1400,1400,1400,214,0,150.0,230.15324958913175,40.4915830004029,1388.3646250033053,53315.30841121495
1791646410,10,,Aggregated,4.900000,0.000000,160,210,270,320,420,750,1000,1100,1400,1400,1400,220,0,150.0,227.88011778674527,40.4915830004029,1388.3646250033053,52395.913636363635
1791646411,10,,Aggregated,4.800000,0.000000,160,220,270,320,420,660,1000,1100,1400,1400,1400,225,0,160.0,228.41247368930556,40.4915830004029,1388.3646250033053,55605.47555555555
1791646412,10,,Aggregated,5.100000,0.000000,160,220,270,320,420,660,1000,1100,1400,1400,1400,229,0,160.0,227.16508677332737,40.4915830004029,1388.3646250033053,54878.98689956332
1791646413,10,,Aggregated,4.800000,0.000000,160,210,270,310,420,660,1000,1100,1400,1400,1400,232,0,160.0,226.31578787541943,40.4915830004029,1388.3646250033053,55192.46551724138
1791646414,10,,Aggregated,4.800000,0.000000,160,210,270,300,420,660,1000,1100,1400,1400,1400,238,0,160.0,223.40587550882316,40.4915830004029,1388.3646250033053,54708.90756302521
1791646415,10,,Aggregated,4.600000,0.000000,160,210,270,300,420,600,1000,1100,1400,1400,1400,242,0,160.0,222.28296176489653,40.4915830004029,1388.3646250033053,54598.01239669421
1791646416,10,,Aggregated,4.600000,0.000000,160,210,270,300,420,600,1000,1100,1400,1400,1400,245,0,160.0,221.7230516861547,40.4915830004029,1388.3646250033053,54824.142857142855
1791646417,10,,Aggregated,4.700000,0.000000,160,210,270,300,420,600,1000,1100,1400,1400,1400,250,0,150.0,220.90564514845028,40.4915830004029,1388.3646250033053,54072.72
1791646418,10,,Aggregated,4.400000,0.000000,150,210,270,290,420,600,840,1100,1400,1400,1400,258,0,150.0,218.23707750817724,40.4915830004029,1388.3646250033053,55493.375968992244
1791646419,10,,Aggregated,4.400000,0.000000,150,210,270,290,420,600,840,1100,1400,1400,1400,260,0,150.0,217.1263293158308,40.4915830004029,1388.3646250033053,55178.734615384616
1791646420,10,,Aggregated,4.500000,0.000000,150,210,260,280,420,580,840,1100,1400,1400,1400,265,0,150.0,215.53039763060747,40.4915830004029,1388.3646250033053,54825.80754716981
1791646421,10,,Aggregated,4.600000,0.000000,150,210,260,280,410,580,840,1100,1400,1400,1400,273,0,150.0,212.6729400077591,40.4915830004029,1388.3646250033053,54242.27472527473
1791646422,10,,Aggregated,4.400000,0.000000,150,210,260,280,410,580,840,1100,1400,1400,1400,277,0,150.0,211.9960768560117,40.4915830004029,1388.3646250033053,53718.24548736462
1791646423,10,,Aggregated,4.800000,0.000000,150,200,260,280,410,560,840,1100,1400,1400,1400,281,0,150.0,210.86401051643958,40.4915830004029,1388.3646250033053,53346.54448398577
1791646424,10,,Aggregated,4.800000,0.000000,150,210,260,280,410,560,840,1100,1400,1400,1400,286,0,150.0,211.51215616822543,40.4915830004029,1388.3646250033053,54628.67482517483
1791646425,10,,Aggregated,4.900000,0.000000,150,210,260,280,410,560,840,1100,1400,1400,1400,290,0,150.0,210.47223073830287,40.4915830004029,1388.3646250033053,54267.83793103448
1791646426,10,,Aggregated,4.800000,0.000000,150,210,260,280,400,560,840,1100,1400,1400,1400,293,0,150.0,209.4289917409827,40.4915830004029,1388.3646250033053,54115.6518771331
1791646427,10,,Aggregated,4.700000,0.000000,150,200,260,280,400,560,840,1100,1400,1400,1400,299,0,150.0,208.42756646522068,40.4915830004029,1388.3646250033053,54541.61538461538
1791646428,10,,Aggregated,4.700000,0.000000,150,200,260,280,390,520,840,1100,1400,1400,1400,304,0,150.0,206.75214815491927,40.4915830004029,1388.3646250033053,55109.44078947369
1791646429,10,,Aggregated,4.800000,0.000000,150,200,250,270,390,520,840,1100,1400,1400,1400,306,0,140.0,206.04505541206913,40.4915830004029,1388.3646250033053,55061.186274509804
1791646430,10,,Aggregated,5.100000,0.000000,140,200,250,270,390,520,840,1100,1400,1400,1400,313,0,140.0,204.65672589807727,40.4915830004029,1388.3646250033053,56196.26837060703
1791646431,10,,Aggregated,4.500000,0.000000,140,200,250,280,390,520,840,1100,1400,1400,1400,320,0,140.0,203.8901529877876,40.4915830004029,1388.3646250033053,57426.6375
1791646432,10,,Aggregated,4.700000,0.000000,140,200,250,270,390,470,840,1100,1400,1400,1400,321,0,140.0,203.57571312800636,40.4915830004029,1388.3646250033053,57396.43613707165
1791646433,10,,Aggregated,4.600000,0.000000,140,190,250,270,390,470,840,1100,1400,1400,1400,327,0,140.0,201.90246724492008,40.4915830004029,1388.3646250033053,56778.64831804281
1791646434,10,,Aggregated,4.600000,0.000000,140,190,250,270,390,470,840,1100,1400,1400,1400,330,0,140.0,201.564424609365,40.4915830004029,1388.3646250033053,57023.121212121216
1791646435,10,,Aggregated,4.500000,0.000000,140,190,250,270,390,470,840,1100,1400,1400,1400,337,0,140.0,200.61444373022715,40.4915830004029,1388.3646250033053,57350.40949554896
1791646436,10,,Aggregated,4.300000,0.000000,140,190,250,270,390,440,840,1100,1400,1400,1400,342,0,140.0,200.34867603532126,40.4915830004029,1388.3646250033053,58142.56140350877
1791646437,10,,Aggregated,4.500000,0.000000,140,190,250,270,390,440,840,1100,1400,1400,1400,345,0,140.0,200.17584684662154,40.4915830004029,1388.3646250033053,57952.86666666667
1791646438,10,,Aggregated,4.700000,0.000000,140,190,250,270,390,470,840,1100,1400,1400,1400,351,0,140.0,200.84363056433506,40.4915830004029,1388.3646250033053,57803.11965811966
1791646439,10,,Aggregated,4.600000,0.000000,140,200,260,280,400,520,840,1100,1400,1400,1400,356,0,140.0,205.86304282326464,40.4915830004029,1388.3646250033053,57352.26404494382
1791646440,10,,Aggregated,4.600000,0.000000,140,200,260,280,400,520,840,1100,1400,1400,1400,359,0,140.0,205.96115342082751,40.4915830004029,1388.3646250033053,57045.426183844014
1791646441,10,,Aggregated,4.600000,0.000000,140,200,260,280,400,520,840,1100,1400,1400,1400,364,0,140.0,204.7043006925258,40.4915830004029,1388.3646250033053,57265.66208791209
1791646442,10,,Aggregated,4.800000,0.000000,140,200,260,280,400,520,840,1100,1400,1400,1400,370,0,140.0,204.739024305643,40.4915830004029,1388.3646250033053,58479.616216216215
1791646443,10,,Aggregated,4.500000,0.000000,150,200,260,280,390,520,840,1100,1400,1400,1400,373,0,150.0,204.87314732463224,40.4915830004029,1388.3646250033053,59605.447721179626
1791646444,10,,Aggregated,4.600000,0.000000,140,200,250,280,390,520,840,1100,1400,1400,1400,378,0,140.0,203.73385238644673,40.4915830004029,1388.3646250033053,59368.108465608464
1791646445,10,,Aggregated,4.600000,0.000000,150,200,250,280,390,500,840,1100,1400,1400,1400,384,0,140.0,203.40474456008906,40.4915830004029,1388.3646250033053,58728.736979166664
1791646446,10,,Aggregated,4.800000,0.000000,140,200,250,280,390,500,840,1100,1400,1400,1400,388,0,140.0,202.69102328629086,40.4915830004029,1388.3646250033053,58331.051546391755
1791646447,10,,Aggregated,4.800000,0.000000,140,190,250,270,390,500,840,1100,1400,1400,1400,394,0,140.0,201.542800429157,40.4915830004029,1388.3646250033053,58797.03553299492
1791646448,10,,Aggregated,4.800000,0.000000,140,190,250,270,390,500,840,1100,1400,1400,1400,398,0,140.0,201.0434569574911,40.4915830004029,1388.3646250033053,58616.03768844221
1791646449,10,,Aggregated,4.600000,0.000000,150,190,250,270,390,470,800,1000,1400,1400,1400,402,0,140.0,200.91870562207453,40.4915830004029,1388.3646250033053,59922.840796019904
1791646450,10,,Aggregated,5.000000,0.000000,140,190,250,270,390,470,800,1000,1400,1400,1400,405,0,140.0,200.24675543719678,40.4915830004029,1388.3646250033053,59586.57530864197
1791646451,10,,Aggregated,5.000000,0.000000,150,190,250,270,380,470,800,1000,1400,1400,1400,412,0,150.0,199.85809859238904,40.4915830004029,1388.3646250033053,59605.1432038835
1791646452,10,,Aggregated,4.500000,0.000000,140,190,250,270,380,470,800,1000,1400,1400,1400,417,0,140.0,198.61545102653062,40.4915830004029,1388.3646250033053,59366.486810551556
1791646453,10,,Aggregated,4.900000,0.000000,140,190,250,270,380,440,800,1000,1400,1400,1400,422,0,140.0,198.09801410680214,40.4915830004029,1388.3646250033053,59468.12796208531
1791646454,10,,Aggregated,5.000000,0.000000,140,190,240,270,380,440,800,1000,1400,1400,1400,426,0,140.0,197.0607388358874,40.4915830004029,1388.3646250033053,59298.887323943665
1791646455,10,,Aggregated,4.800000,0.000000,140,190,240,270,380,440,800,1000,1400,1400,1400,430,0,140.0,195.94042992810205,35.81174999999348,1388.3646250033053,59142.22093023256
1791646456,10,,Aggregated,4.500000,0.000000,140,190,240,270,380,440,800,1000,1400,1400,1400,434,0,140.0,195.758802884991,35.81174999999348,1388.3646250033053,58687.354838709674
1791646457,10,,Aggregated,4.600000,0.000000,140,190,240,270,380,440,800,1000,1400,1400,1400,439,0,140.0,194.7058824853996,35.81174999999348,1388.3646250033053,58170.70842824601
1791646458,10,,Aggregated,4.600000,0.000000,140,190,240,270,380,440,800,1000,1400,1400,1400,445,0,140.0,194.45403950582218,35.81174999999348,1388.3646250033053,58606.65393258427
1791646459,10,,Aggregated,4.600000,0.000000,140,190,240,270,380,440,800,1000,1400,1400,1400,448,0,140.0,193.71157570107502,35.81174999999348,1388.3646250033053,58446.955357142855
1791646460,10,,Aggregated,4.200000,0.000000,140,180,230,270,380,440,800,1000,1400,1400,1400,455,0,140.0,192.3605563122732,35.81174999999348,1388.3646250033053,57895.55604395604
1791646461,10,,Aggregated,4.500000,0.000000,140,180,230,270,380,440,800,1000,1400,1400,1400,457,0,140.0,192.10465553628867,35.81174999999348,1388.3646250033053,57980.343544857766
1791646462,10,,Aggregated,4.500000,0.000000,140,180,230,270,370,440,800,1000,1400,1400,1400,462,0,140.0,191.31809117331585,35.81174999999348,1388.3646250033053,57600.09523809524
1791646463,10,,Aggregated,4.400000,0.000000,140,180,240,270,380,440,800,1000,1400,1400,1400,466,0,140.0,192.0815576653726,35.81174999999348,1388.3646250033053,58681.24892703863
1791646464,10,,Aggregated,4.200000,0.000000,140,180,230,270,370,440,800,1000,1400,1400,1400,473,0,140.0,190.88173572317808,35.81174999999348,1388.3646250033053,59264.45665961945
1791646465,10,,Aggregated,4.400000,0.000000,140,180,230,270,370,440,800,1000,1400,1400,1400,478,0,140.0,190.09525870724895,35.81174999999348,1388.3646250033053,59001.64225941423
1791646466,10,,Aggregated,4.600000,0.000000,140,180,230,270,370,430,800,1000,1400,1400,1400,483,0,140.0,189.9625961761283,35.81174999999348,1388.3646250033053,58614.70807453416
1791646467,10,,Aggregated,4.800000,0.000000,140,180,230,270,370,430,800,1000,1400,1400,1400,490,0,140.0,188.74639174301055,35.81174999999348,1388.3646250033053,58479.00612244898
1791646468,10,,Aggregated,4.800000,0.000000,140,180,230,270,370,430,800,1000,1400,1400,1400,493,0,140.0,188.67295468980237,35.81174999999348,1388.3646250033053,58168.32048681541
1791646469,10,,Aggregated,4.900000,0.000000,140,180,230,270,370,430,800,1000,1400,1400,1400,498,0,140.0,187.98380061463584,35.81174999999348,1388.3646250033053,58184.0562248996
1791646470,10,,Aggregated,5.000000,0.000000,140,180,230,270,360,430,760,840,1400,1400,1400,503,0,140.0,188.12796081328997,35.81174999999348,1388.3646250033053,58842.5407554672
1791646471,10,,Aggregated,4.900000,0.000000,140,180,230,270,360,430,760,840,1400,1400,1400,507,0,140.0,187.70599950116605,35.81174999999348,1388.3646250033053,58868.70808678501
1791646472,10,,Aggregated,5.000000,0.000000,140,180,230,270,340,430,760,840,1400,1400,1400,512,0,140.0,187.00961262516103,35.81174999999348,1388.3646250033053,58904.451171875
1791646473,10,,Aggregated,4.800000,0.000000,140,180,230,270,340,430,760,840,1400,1400,1400,516,0,140.0,186.7351752210853,35.81174999999348,1388.3646250033053,59949.06976744186
1791646474,10,,Aggregated,5.000000,0.000000,140,180,220,260,340,420,760,840,1400,1400,1400,521,0,140.0,186.3918689176307,35.81174999999348,1388.3646250033053,60947.93474088292
1791646475,10,,Aggregated,5.000000,0.000000,140,180,230,270,370,440,800,840,1400,1400,1400,526,0,140.0,190.83620515795474,35.81174999999348,1388.3646250033053,61102.9144486692
1791646476,10,,Aggregated,5.000000,0.000000,140,180,230,270,370,440,800,840,1400,1400,1400,531,0,140.0,190.97521280242108,35.81174999999348,1388.3646250033053,60765.05084745763
1791646477,10,,Aggregated,4.600000,0.000000,140,180,240,270,380,440,800,840,1400,1400,1400,534,0,140.0,192.44335705071816,35.81174999999348,1388.3646250033053,60819.93632958802
1791646478,10,,Aggregated,4.600000,0.000000,140,190,240,270,380,470,800,1000,1400,1400,1400,540,0,140.0,195.0807428982915,35.81174999999348,1388.3646250033053,60371.392592592594
1791646479,10,,Aggregated,4.600000,0.000000,140,190,240,270,380,450,800,1000,1400,1400,1400,543,0,140.0,195.30470564471653,35.81174999999348,1388.3646250033053,60177.02025782689
1791646480,10,,Aggregated,4.500000,0.000000,140,190,240,270,380,450,800,1000,1400,1400,1400,549,0,140.0,194.9263986012483,35.81174999999348,1388.3646250033053,60363.147540983606
1791646481,10,,Aggregated,4.600000,0.000000,140,190,240,270,380,470,800,1000,1400,1400,1400,552,0,140.0,195.5584491976312,35.81174999999348,1388.3646250033053,60214.39855072464
1791646482,10,,Aggregated,4.400000,0.000000,140,190,250,270,380,500,800,1000,1400,1400,1400,558,0,140.0,196.42467898761114,35.81174999999348,1388.3646250033053,60894.17025089606
1791646483,10,,Aggregated,4.600000,0.000000,140,190,250,270,380,470,800,1000,1400,1400,1400,564,0,140.0,196.70562529449046,35.81174999999348,1388.3646250033053,60681.7304964539
1791646484,10,,Aggregated,4.400000,0.000000,140,190,250,270,380,470,800,1000,1400,1400,1400,567,0,140.0,196.7813432541252,35.81174999999348,1388.3646250033053,60537.730158730155
1791646485,10,,Aggregated,4.500000,0.000000,140,190,250,270,380,470,800,1000,1400,1400,1400,571,0,140.0,195.96597278297895,35.81174999999348,1388.3646250033053,60247.36777583187
1791646486,10,,Aggregated,4.700000,0.000000,140,190,250,270,380,470,800,1000,1400,1400,1400,577,0,140.0,195.26952484069423,35.81174999999348,1388.3646250033053,60126.84575389948
1791646487,10,,Aggregated,4.600000,0.000000,140,190,240,270,380,450,800,1000,1400,1400,1400,581,0,140.0,194.76536374196553,35.81174999999348,1388.3646250033053,60115.75387263339
1791646488,10,,Aggregated,4.500000,0.000000,140,190,240,270,380,450,800,1000,1400,1400,1400,585,0,140.0,194.34682542918864,35.81174999999348,1388.3646250033053,60444.663247863245
1791646489,10,,Aggregated,4.600000,0.000000,140,190,240,270,380,450,800,1000,1400,1400,1400,589,0,140.0,194.10737903406678,35.81174999999348,1388.3646250033053,60154.217317487266
1791646490,10,,Aggregated,4.600000,0.000000,140,190,240,270,380,450,800,1000,1400,1400,1400,592,0,140.0,193.95143116903333,35.81174999999348,1388.3646250033053,61008.43581081081
1791646491,10,,Aggregated,4.400000,0.000000,140,180,240,270,380,450,800,1000,1400,1400,1400,598,0,140.0,193.00774790980142,35.81174999999348,1388.3646250033053,60946.59197324415
1791646492,10,,Aggregated,4.600000,0.000000,140,190,240,270,380,440,760,840,1400,1400,1400,602,0,140.0,193.18854035392417,35.81174999999348,1388.3646250033053,60644.21262458472
1791646493,10,,Aggregated,4.500000,0.000000,140,190,240,270,380,440,760,840,1400,1400,1400,607,0,140.0,193.3042378518389,35.81174999999348,1388.3646250033053,60216.69192751236
1791646494,10,,Aggregated,4.600000,0.000000,140,180,240,270,380,440,760,840,1400,1400,1400,612,0,140.0,192.76226218801705,35.81174999999348,1388.3646250033053,60468.58006535948
1791646495,10,,Aggregated,4.400000,0.000000,140,180,240,270,380,440,760,840,1400,1400,1400,616,0,140.0,192.32839062509834,35.81174999999348,1388.3646250033053,60662.80194805195
1791646496,10,,Aggregated,4.300000,0.000000,140,180,240,270,380,440,760,840,1400,1400,1400,620,0,140.0,191.94013608881036,35.81174999999348,1388.3646250033053,60602.541935483874
1791646497,10,,Aggregated,4.600000,0.000000,140,180,240,270,370,440,760,840,1400,1400,1400,626,0,140.0,191.29587433394082,35.81174999999348,1388.3646250033053,60377.04952076677
1791646498,10,,Aggregated,4.500000,0.000000,140,180,240,270,370,440,760,840,1400,1400,1400,632,0,140.0,191.1717931155676,35.81174999999348,1388.3646250033053,60682.46835443038
1791646499,10,,Aggregated,4.400000,0.000000,140,180,240,270,370,440,760,840,1400,1400,1400,636,0,140.0,190.65886084596664,35.81174999999348,1388.3646250033053,60509.40566037736
1791646500,10,,Aggregated,4.600000,0.000000,140,180,240,270,370,440,760,840,1400,1400,1400,638,0,140.0,190.44321251103298,35.81174999999348,1388.3646250033053,60562.47021943574
1791646501,10,,Aggregated,4.700000,0.000000,140,180,240,270,370,440,760,840,1400,1400,1400,642,0,140.0,192.10388200629373,35.81174999999348,1388.3646250033053,60341.7523364486
1791646502,10,,Aggregated,4.700000,0.000000,140,190,240,270,380,500,800,870,1400,1400,1400,647,0,140.0,195.38904365695376,35.81174999999348,1388.3646250033053,60294.70324574962
1791646503,10,,Aggregated,4.400000,0.000000,140,190,250,270,390,520,800,870,1400,1400,1400,650,0,140.0,197.0034696093017,35.81174999999348,1388.3646250033053,60376.57538461538
1791646504,10,,Aggregated,4.400000,0.000000,140,190,250,270,380,520,770,870,1400,1400,1400,656,0,140.0,197.48875272416183,35.81174999999348,1388.3646250033053,60422.14634146341
1791646505,10,,Aggregated,4.500000,0.000000,140,190,250,270,390,520,770,870,1400,1400,1400,659,0,140.0,197.87020623984992,35.81174999999348,1388.3646250033053,60968.39757207891
1791646506,10,,Aggregated,4.200000,0.000000,140,190,250,270,380,510,770,870,1400,1400,1400,664,0,140.0,197.09851775007928,35.81174999999348,1388.3646250033053,60682.49397590361
1791646507,10,,Aggregated,4.300000,0.000000,140,190,250,270,380,510,770,870,1400,1400,1400,671,0,140.0,196.36250483316928,35.81174999999348,1388.3646250033053,60628.818181818184
1791646508,10,,Aggregated,4.300000,0.000000,140,190,240,270,380,510,770,870,1400,1400,1400,677,0,140.0,195.49514609905955,35.81174999999348,1388.3646250033053,60623.52141802068
1791646509,10,,Aggregated,4.300000,0.000000,140,190,240,270,380,510,770,870,1400,1400,1400,680,0,140.0,195.2728899412785,35.81174999999348,1388.3646250033053,60452.69705882353
1791646510,10,,Aggregated,4.400000,0.000000,140,190,240,270,380,500,770,870,1400,1400,1400,686,0,140.0,194.834368189612,35.81174999999348,1388.3646250033053,60300.897959183676
1791646511,10,,Aggregated,4.600000,0.000000,140,190,240,270,380,500,770,870,1400,1400,1400,689,0,140.0,194.58944955743553,35.81174999999348,1388.3646250033053,60134.38751814223
1791646512,10,,Aggregated,4.500000,0.000000,140,190,240,270,380,500,770,870,1400,1400,1400,694,0,140.0,194.07929796263372,35.81174999999348,1388.3646250033053,59897.21902017291
1791646513,10,,Aggregated,4.800000,0.000000,140,180,240,270,380,500,770,870,1400,1400,1400,698,0,140.0,193.95211699293344,35.81174999999348,1388.3646250033053,60368.96131805157
1791646514,10,,Aggregated,4.700000,0.000000,140,180,240,270,380,480,770,840,1400,1400,1400,702,0,140.0,193.69253649440512,35.81174999999348,1388.3646250033053,60276.32763532764
1791646515,10,,Aggregated,4.700000,0.000000,140,190,240,270,380,480,770,840,1400,1400,1400,705,0,140.0,194.32509313627511,35.81174999999348,1388.3646250033053,60141.94468085106
1791646516,10,,Aggregated,4.900000,0.000000,140,190,250,270,390,520,790,840,1400,1400,1400,709,0,140.0,197.19648294789596,35.81174999999348,1388.3646250033053,60022.253878702395
1791646518,10,,Aggregated,4.600000,0.000000,140,190,250,280,400,580,830,1000,1400,1400,1400,716,0,140.0,202.8190143632271,35.81174999999348,1388.3646250033053,59815.53770949721
1791646519,10,,Aggregated,4.500000,0.000000,140,190,250,280,400,580,830,1000,1400,1400,1400,718,0,140.0,203.19518307809642,35.81174999999348,1388.3646250033053,60442.74651810585
1791646520,10,,Aggregated,4.500000,0.000000,140,190,250,280,400,580,830,1000,1400,1400,1400,720,0,140.0,203.43009009315614,35.81174999999348,1388.3646250033053,60502.333333333336
1791646521,10,,Aggregated,4.500000,0.000000,140,190,250,280,400,570,830,1000,1400,1400,1400,729,0,140.0,203.95297855564556,35.81174999999348,1388.3646250033053,61117.51577503429
1791646522,10,,Aggregated,4.000000,0.000000,140,190,250,280,400,570,830,1000,1400,1400,1400,732,0,140.0,203.61426012167328,35.81174999999348,1388.3646250033053,61156.76912568306
1791646523,10,,Aggregated,3.900000,0.000000,140,190,250,280,400,570,830,1000,1400,1400,1400,737,0,140.0,203.2284299987486,35.81174999999348,1388.3646250033053,61558.41926729986
1791646524,10,,Aggregated,4.300000,0.000000,150,190,250,280,400,570,830,1000,1400,1400,1400,740,0,140.0,203.42827459605138,35.81174999999348,1388.3646250033053,61635.7054054054
1791646525,10,,Aggregated,4.300000,0.000000,140,190,250,280,390,560,830,1000,1400,1400,1400,745,0,140.0,202.72770989138357,35.81174999999348,1388.3646250033053,61316.2
1791646526,10,,Aggregated,4.300000,0.000000,140,190,250,280,390,560,830,1000,1400,1400,1400,749,0,140.0,202.34873986526955,35.81174999999348,1388.3646250033053,61225.79305740988
1791646527,10,,Aggregated,4.100000,0.000000,140,190,250,280,390,560,830,1000,1400,1400,1400,755,0,140.0,202.31589524249625,35.81174999999348,1388.3646250033053,61135.69668874172
1791646528,10,,Aggregated,4.300000,0.000000,140,190,250,280,390,560,830,1000,1400,1400,1400,759,0,140.0,201.8671673123617,35.81174999999348,1388.3646250033053,61126.34123847167
1791646529,10,,Aggregated,4.600000,0.000000,140,190,250,280,390,560,830,1000,1400,1400,1400,766,0,140.0,201.16761340220933,35.81174999999348,1388.3646250033053,60703.06266318538
1791646530,10,,Aggregated,4.300000,0.000000,140,190,250,280,390,560,830,1000,1400,1400,1400,771,0,140.0,200.3379711298184,35.81174999999348,1388.3646250033053,60554.98054474708
1791646531,10,,Aggregated,4.300000,0.000000,140,190,250,280,390,560,830,1000,1400,1400,1400,775,0,140.0,199.9354065484987,35.81174999999348,1388.3646250033053,60333.10967741936
1791646532,10,,Aggregated,5.000000,0.000000,140,190,250,270,390,560,830,1000,1400,1400,1400,779,0,140.0,199.55012402578677,35.81174999999348,1388.3646250033053,60407.09242618742
1791646533,10,,Aggregated,5.000000,0.000000,140,190,240,270,390,540,830,1000,1400,1400,1400,785,0,140.0,198.98542445615507,35.81174999999348,1388.3646250033053,60130.94649681529
1791646534,10,,Aggregated,4.600000,0.000000,140,190,240,270,390,540,830,1000,1400,1400,1400,791,0,140.0,198.23666064864486,35.81174999999348,1388.3646250033053,59879.17825537294
1791646535,10,,Aggregated,4.600000,0.000000,140,190,240,270,390,540,830,1000,1400,1400,1400,794,0,140.0,198.02002087414326,35.81174999999348,1388.3646250033053,59720.74559193954
1791646536,10,,Aggregated,4.800000,0.000000,140,180,240,270,390,540,830,1000,1400,1400,1400,800,0,140.0,197.73983946633052,35.81174999999348,1388.3646250033053,59591.545
1791646537,10,,Aggregated,5.100000,0.000000,140,180,240,270,390,520,800,870,1400,1400,1400,802,0,140.0,197.61056721329072,35.81174999999348,1388.3646250033053,59698.63715710723
1791646538,10,,Aggregated,4.900000,0.000000,140,180,240,270,390,520,800,870,1400,1400,1400,810,0,140.0,196.932842013664,35.81174999999348,1388.3646250033053,59543.00617283951
1791646539,10,,Aggregated,4.700000,0.000000,140,180,240,270,390,520,800,870,1400,1400,1400,814,0,140.0,196.74355885265933,35.81174999999348,1388.3646250033053,59345.414004914004
1791646540,10,,Aggregated,5.100000,0.000000,140,180,240,270,390,520,800,870,1400,1400,1400,817,0,140.0,196.4116449278645,35.81174999999348,1388.3646250033053,59262.02203182375
1791646541,10,,Aggregated,5.100000,0.000000,140,180,240,270,380,520,800,870,1400,1400,1400,825,0,140.0,195.67836089461872,35.81174999999348,1388.3646250033053,59266.810909090906
1791646542,10,,Aggregated,4.600000,0.000000,140,180,240,270,380,520,800,870,1400,1400,1400,829,0,140.0,195.1364477129796,35.81174999999348,1388.3646250033053,59129.53558504222
1791646543,10,,Aggregated,5.000000,0.000000,140,180,230,270,380,520,800,870,1400,1400,1400,835,0,140.0,194.53079903599894,35.81174999999348,1388.3646250033053,59243.299401197604
1791646544,10,,Aggregated,5.000000,0.000000,140,180,230,270,380,520,800,870,1400,1400,1400,838,0,140.0,194.39205875543527,35.81174999999348,1388.3646250033053,59110.12649164678
1791646545,10,,Aggregated,4.900000,0.000000,140,180,230,270,380,520,800,870,1400,1400,1400,843,0,140.0,193.95127860267664,35.81174999999348,1388.3646250033053,58924.013048635825
1791646546,10,,Aggregated,4.900000,0.000000,140,180,230,270,380,520,800,870,1400,1400,1400,848,0,140.0,193.43365186091003,35.81174999999348,1388.3646250033053,58678.173349056604
1791646547,10,,Aggregated,4.800000,0.000000,140,180,230,270,380,520,800,870,1400,1400,1400,852,0,140.0,193.22892139206715,35.81174999999348,1388.3646250033053,59067.21596244132
1791646548,10,,Aggregated,4.800000,0.000000,140,180,230,270,380,520,800,870,1400,1400,1400,857,0,140.0,192.79518600004582,35.81174999999348,1388.3646250033053,59076.164527421235
1791646549,10,,Aggregated,4.800000,0.000000,140,180,230,270,380,520,800,870,1400,1400,1400,860,0,140.0,192.57671287097003,35.81174999999348,1388.3646250033053,58934.75581395349
1791646550,10,,Aggregated,4.800000,0.000000,140,180,230,270,380,510,800,870,1400,1400,1400,866,0,140.0,192.0293677183038,35.81174999999348,1388.3646250033053,58677.01270207852
1791646551,10,,Aggregated,4.600000,0.000000,140,180,230,270,380,510,800,870,1400,1400,1400,868,0,140.0,191.81567572240755,35.81174999999348,1388.3646250033053,58777.26612903226
1791646552,10,,Aggregated,5.000000,0.000000,140,180,230,270,370,510,800,870,1400,1400,1400,874,0,140.0,191.50448730326983,35.81174999999348,1388.3646250033053,59256.98970251716
1791646553,10,,Aggregated,4.300000,0.000000,140,180,230,270,380,510,800,870,1400,1400,1400,880,0,140.0,191.62384463530046,35.81174999999348,1388.3646250033053,58963.719318181815
1791646554,10,,Aggregated,4.500000,0.000000,140,180,230,270,370,500,800,870,1400,1400,1400,886,0,140.0,190.8365505406841,35.81174999999348,1388.3646250033053,58772.805869074495
1791646555,10,,Aggregated,4.500000,0.000000,140,180,230,270,370,500,800,870,1400,1400,1400,890,0,140.0,190.25433303824602,35.81174999999348,1388.3646250033053,58617.30449438202
1791646556,10,,Aggregated,4.400000,0.000000,140,180,230,270,370,500,800,870,1400,1400,1400,895,0,140.0,189.80993345814272,35.81174999999348,1388.3646250033053,58477.9061452514
1791646557,10,,Aggregated,4.800000,0.000000,140,180,230,260,370,480,800,870,1400,1400,1400,901,0,140.0,189.6593378035976,35.81174999999348,1388.3646250033053,58984.39844617092
1791646558,10,,Aggregated,4.700000,0.000000,140,180,220,260,370,480,800,870,1400,1400,1400,905,0,140.0,189.28343115475104,35.81174999999348,1388.3646250033053,58802.346961325966
1791646559,10,,Aggregated,5.000000,0.000000,140,180,220,260,370,480,800,870,1400,1400,1400,909,0,140.0,188.88319846318643,35.81174999999348,1388.3646250033053,58653.08580858086
1791646560,10,,Aggregated,5.000000,0.000000,140,180,220,260,370,480,800,870,1400,1400,1400,913,0,140.0,188.50890191022845,35.81174999999348,1388.3646250033053,58470.0
1791646561,10,,Aggregated,4.900000,0.000000,140,180,220,260,370,480,800,870,1400,1400,1400,920,0,140.0,187.99778621633658,35.81174999999348,1388.3646250033053,58565.997826086954
1791646562,10,,Aggregated,4.900000,0.000000,140,180,220,260,360,480,800,870,1400,1400,1400,922,0,140.0,187.94077289591675,35.81174999999348,1388.3646250033053,58458.851409978306
1791646563,10,,Aggregated,5.100000,0.000000,140,180,220,260,360,480,800,870,1400,1400,1400,926,0,140.0,187.59481707346868,35.81174999999348,1388.3646250033053,58281.68250539957
1791646564,10,,Aggregated,5.000000,0.000000,130,180,220,260,360,480,800,870,1400,1400,1400,933,0,130.0,187.13086837623823,35.81174999999348,1388.3646250033053,58403.06002143623
1791646565,10,,Aggregated,4.600000,0.000000,130,180,210,260,360,480,800,870,1400,1400,1400,938,0,130.0,186.6533774733778,33.92316700046649,1388.3646250033053,58212.329424307034
1791646566,10,,Aggregated,4.600000,0.000000,130,180,210,260,350,470,800,870,1400,1400,1400,941,0,130.0,186.55142519768498,33.92316700046649,1388.3646250033053,58083.599362380446
1791646567,10,,Aggregated,4.300000,0.000000,130,180,220,260,360,470,800,870,1400,1400,1400,947,0,130.0,186.60342281206172,33.92316700046649,1388.3646250033053,58122.604012671596
1791646568,10,,Aggregated,4.300000,0.000000,140,180,220,260,360,480,790,870,1400,1400,1400,951,0,140.0,186.97867826290565,33.92316700046649,1388.3646250033053,58638.58990536277
1791646569,10,,Aggregated,4.500000,0.000000,140,180,220,260,360,480,790,870,1400,1400,1400,956,0,130.0,186.6908883661244,33.92316700046649,1388.3646250033053,58464.99058577406
1791646570,10,,Aggregated,4.800000,0.000000,140,180,220,260,350,470,790,870,1400,1400,1400,962,0,140.0,186.66400059253442,33.92316700046649,1388.3646250033053,58360.95322245322
1791646571,10,,Aggregated,4.800000,0.000000,140,180,220,260,350,470,790,870,1400,1400,1400,964,0,140.0,186.6653234647475,33.92316700046649,1388.3646250033053,58485.572614107885
1791646572,10,,Aggregated,4.600000,0.000000,140,180,210,260,350,470,790,870,1400,1400,1400,970,0,140.0,186.2192544103216,33.92316700046649,1388.3646250033053,58352.05360824742
1791646573,10,,Aggregated,4.500000,0.000000,140,180,210,260,350,470,790,870,1400,1400,1400,972,0,140.0,186.30109990947489,33.92316700046649,1388.3646250033053,58784.34773662552
1791646574,10,,Aggregated,4.700000,0.000000,140,180,220,260,350,470,790,870,1400,1400,1400,976,0,140.0,186.60465115677565,33.92316700046649,1388.3646250033053,58615.42622950819
1791646575,10,,Aggregated,4.700000,0.000000,140,180,220,260,360,460,790,870,1400,1400,1400,981,0,140.0,187.10061700204685,33.92316700046649,1388.3646250033053,58439.158002038734
1791646576,10,,Aggregated,4.400000,0.000000,140,180,220,260,360,460,790,870,1400,1400,1400,987,0,140.0,186.78908712057415,33.92316700046649,1388.3646250033053,58270.299898682875
1791646577,10,,Aggregated,4.700000,0.000000,140,180,220,260,350,460,790,870,1400,1400,1400,991,0,140.0,186.58967195257435,33.92316700046649,1388.3646250033053,58060.58627648839
1791646578,10,,Aggregated,4.600000,0.000000,140,180,220,260,350,460,790,870,1400,1400,1400,995,0,140.0,186.2298010341705,33.92316700046649,1388.3646250033053,58137.715577889445
1791646579,10,,Aggregated,4.400000,0.000000,140,180,220,260,350,460,790,870,1400,1400,1400,1000,0,140.0,186.21964548698452,33.92316700046649,1388.3646250033053,58420.274
1791646580,10,,Aggregated,4.400000,0.000000,140,180,220,260,350,460,770,870,1200,1400,1400,1005,0,140.0,186.23114745769723,33.92316700046649,1388.3646250033053,59222.17810945274
1791646581,10,,Aggregated,4.500000,0.000000,140,180,220,260,350,460,770,870,1200,1400,1400,1010,0,140.0,185.7228237910742,33.92316700046649,1388.3646250033053,59117.864356435646
1791646582,10,,Aggregated,4.600000,0.000000,140,180,220,260,350,460,770,870,1200,1400,1400,1014,0,140.0,185.9425849644863,33.92316700046649,1388.3646250033053,58995.31262327416
1791646583,10,,Aggregated,4.500000,0.000000,140,180,220,260,350,460,770,870,1200,1400,1400,1019,0,140.0,186.2754548861529,33.92316700046649,1388.3646250033053,58873.41903827282
1791646584,10,,Aggregated,4.500000,0.000000,140,180,220,260,350,460,770,870,1200,1400,1400,1025,0,140.0,185.88698425657464,33.92316700046649,1388.3646250033053,58687.99219512195
1791646585,10,,Aggregated,4.600000,0.000000,140,180,220,260,350,460,770,870,1200,1400,1400,1030,0,140.0,185.90403251261344,33.92316700046649,1388.3646250033053,58877.18640776699
1791646586,10,,Aggregated,5.000000,0.000000,140,180,220,260,340,460,770,870,1200,1400,1400,1035,0,140.0,185.66154696907486,33.92316700046649,1388.3646250033053,58735.70724637681
1791646587,10,,Aggregated,4.900000,0.000000,140,180,220,260,340,460,770,870,1200,1400,1400,1039,0,140.0,185.36094982000463,33.92316700046649,1388.3646250033053,58708.472569778634
1791646588,10,,Aggregated,4.600000,0.000000,140,180,220,260,340,450,770,870,1200,1400,1400,1042,0,140.0,185.05701694337338,33.92316700046649,1388.3646250033053,58603.5009596929
1791646589,10,,Aggregated,4.800000,0.000000,140,180,220,260,340,450,770,870,1200,1400,1400,1049,0,140.0,184.50521996092027,33.92316700046649,1388.3646250033053,58511.75881792183
1791646590,10,,Aggregated,4.600000,0.000000,140,180,210,260,340,450,770,870,1200,1400,1400,1054,0,140.0,184.09049627325572,33.92316700046649,1388.3646250033053,58462.14611005693
1791646591,10,,Aggregated,4.600000,0.000000,140,180,210,260,340,450,770,870,1200,1400,1400,1056,0,140.0,183.99711918940545,33.92316700046649,1388.3646250033053,58440.086174242424
1791646592,10,,Aggregated,4.700000,0.000000,140,180,210,260,330,440,770,870,1200,1400,1400,1062,0,140.0,183.80792266008643,33.92316700046649,1388.3646250033053,58594.46610169492
1791646593,10,,Aggregated,4.700000,0.000000,140,180,210,260,330,440,770,870,1200,1400,1400,1066,0,140.0,183.75936862008447,33.92316700046649,1388.3646250033053,58597.92307692308
1791646594,10,,Aggregated,4.600000,0.000000,140,180,210,260,330,440,770,870,1200,1400,1400,1071,0,140.0,183.6524019533315,33.92316700046649,1388.3646250033053,58593.41736694678
1791646595,10,,Aggregated,4.700000,0.000000,140,180,210,260,330,440,770,870,1200,1400,1400,1075,0,140.0,183.4654508828088,33.92316700046649,1388.3646250033053,58911.01581395349
1791646596,10,,Aggregated,4.400000,0.000000,140,180,210,260,330,440,770,870,1200,1400,1400,1080,0,140.0,183.20236584909085,33.92316700046649,1388.3646250033053,59206.36759259259
1791646597,10,,Aggregated,4.300000,0.000000,140,180,210,260,330,440,770,870,1200,1400,1400,1086,0,140.0,182.91562672009397,33.92316700046649,1388.3646250033053,58983.7394106814
1791646598,10,,Aggregated,4.700000,0.000000,130,180,210,250,320,440,770,870,1200,1400,1400,1094,0,130.0,182.26390851008082,33.92316700046649,1388.3646250033053,59194.44881170018
1791646599,10,,Aggregated,4.500000,0.000000,130,180,210,250,320,440,770,870,1200,1400,1400,1097,0,130.0,182.03957949046,33.92316700046649,1388.3646250033053,59102.79398359161
1791646600,10,,Aggregated,4.900000,0.000000,130,180,210,250,320,440,760,840,1200,1400,1400,1101,0,130.0,181.68338865580088,33.92316700046649,1388.3646250033053,59029.115349682106
1791646601,10,,Aggregated,5.100000,0.000000,130,180,210,250,320,440,760,840,1200,1400,1400,1106,0,130.0,181.42952267362242,33.92316700046649,1388.3646250033053,58832.19439421338
1791646602,10,,Aggregated,4.700000,0.000000,130,180,210,250,320,440,760,840,1200,1400,1400,1109,0,130.0,181.32925442743212,33.92316700046649,1388.3646250033053,58732.174932371505
1791646603,10,,Aggregated,4.800000,0.000000,130,180,210,250,320,440,760,840,1200,1400,1400,1114,0,130.0,181.15989807182106,33.92316700046649,1388.3646250033053,58552.175044883305
1791646604,10,,Aggregated,4.800000,0.000000,130,180,210,250,320,440,760,840,1200,1400,1400,1118,0,130.0,180.84738807514302,33.92316700046649,1388.3646250033053,58415.15295169946
1791646605,10,,Aggregated,4.800000,0.000000,130,170,210,250,320,440,760,840,1200,1400,1400,1122,0,130.0,180.56388884581918,33.92316700046649,1388.3646250033053,58436.97593582888
1791646606,10,,Aggregated,4.800000,0.000000,130,180,210,250,320,440,760,840,1200,1400,1400,1126,0,130.0,180.52493908526327,33.92316700046649,1388.3646250033053,58449.34014209591
1791646607,10,,Aggregated,4.800000,0.000000,130,180,210,250,320,440,760,840,1200,1400,1400,1129,0,130.0,180.7411734871598,33.92316700046649,1388.3646250033053,58481.9530558016
1791646608,10,,Aggregated,4.500000,0.000000,130,180,210,250,320,440,760,840,1200,1400,1400,1135,0,130.0,180.44635351807662,33.92316700046649,1388.3646250033053,58897.90837004405
1791646609,10,,Aggregated,4.700000,0.000000,130,170,210,250,320,440,760,840,1200,1400,1400,1139,0,130.0,180.10444643899353,33.92316700046649,1388.3646250033053,58820.53292361721
1791646610,10,,Aggregated,4.400000,0.000000,130,170,210,250,320,440,760,840,1200,1400,1400,1146,0,130.0,179.6068170768045,33.92316700046649,1388.3646250033053,58816.8167539267
1791646611,10,,Aggregated,4.100000,0.000000,130,170,210,250,320,440,760,840,1200,1400,1400,1151,0,130.0,179.42181135536185,33.92316700046649,1388.3646250033053,58974.7280625543
1791646612,10,,Aggregated,4.200000,0.000000,130,170,210,250,320,440,760,840,1200,1400,1400,1155,0,130.0,179.08532467015084,33.92316700046649,1388.3646250033053,58839.6303030303
1791646613,10,,Aggregated,4.600000,0.000000,130,170,210,250,320,440,760,840,1200,1400,1400,1160,0,130.0,179.20875757415695,33.92316700046649,1388.3646250033053,58698.56465517241
1791646614,10,,Aggregated,4.800000,0.000000,130,170,210,250,320,430,760,840,1200,1400,1400,1166,0,130.0,178.79357793225802,33.92316700046649,1388.3646250033053,58503.17238421956
1791646615,10,,Aggregated,4.800000,0.000000,130,170,210,250,320,430,760,840,1200,1400,1400,1171,0,130.0,178.39959642101664,33.92316700046649,1388.3646250033053,58584.67463706234
1791646616,10,,Aggregated,4.700000,0.000000,130,170,210,250,320,430,760,840,1200,1400,1400,1179,0,130.0,177.95796744361448,33.92316700046649,1388.3646250033053,58452.54283290925
1791646617,10,,Aggregated,5.100000,0.000000,130,170,210,250,320,430,760,840,1200,1400,1400,1182,0,130.0,177.84332927159483,33.92316700046649,1388.3646250033053,58525.7165820643
1791646618,10,,Aggregated,5.100000,0.000000,130,170,210,250,320,430,760,840,1200,1400,1400,1185,0,130.0,177.85628216458045,33.92316700046649,1388.3646250033053,58598.891139240506
1791646619,10,,Aggregated,5.000000,0.000000,130,170,200,250,320,430,760,840,1200,1400,1400,1191,0,130.0,177.5443939168922,33.92316700046649,1388.3646250033053,58639.06633081444
1791646620,10,,Aggregated,5.100000,0.000000,130,170,210,250,320,430,760,840,1200,1400,1400,1196,0,130.0,177.62905747241595,33.92316700046649,1388.3646250033053,58409.846153846156
1791646621,10,,Aggregated,5.100000,0.000000,130,170,200,250,320,430,760,840,1200,1400,1400,1197,0,130.0,177.5572730676764,33.92316700046649,1388.3646250033053,58373.23893065998
1791646622,10,,Aggregated,5.200000,0.000000,130,170,210,250,320,430,750,840,1200,1400,1400,1203,0,130.0,177.6571098537081,33.92316700046649,1388.3646250033053,58762.32418952618
1791646623,10,,Aggregated,4.700000,0.000000,130,170,210,250,320,430,750,840,1200,1400,1400,1208,0,130.0,177.5842869313099,33.92316700046649,1388.3646250033053,59147.71771523179
1791646624,10,,Aggregated,4.500000,0.000000,130,170,200,250,320,430,750,840,1200,1400,1400,1213,0,130.0,177.56082645260597,33.92316700046649,1388.3646250033053,58991.200329760926
1791646625,10,,Aggregated,4.900000,0.000000,130,170,200,250,320,430,750,840,1200,1400,1400,1218,0,130.0,177.35472251971754,33.92316700046649,1388.3646250033053,58995.297208538585
1791646626,10,,Aggregated,4.600000,0.000000,130,170,200,250,320,430,750,840,1200,1400,1400,1222,0,130.0,177.03206375123602,33.92316700046649,1388.3646250033053,58855.16284779051
1791646627,10,,Aggregated,4.400000,0.000000,130,170,200,250,320,430,750,840,1200,1400,1400,1226,0,130.0,176.8224576093087,33.92316700046649,1388.3646250033053,58728.59298531811
1791646628,10,,Aggregated,4.400000,0.000000,130,170,200,250,320,430,750,840,1200,1400,1400,1232,0,130.0,176.4637429545497,33.92316700046649,1388.3646250033053,58520.93993506493
1791646629,10,,Aggregated,4.600000,0.000000,130,170,200,250,320,430,750,840,1200,1400,1400,1236,0,130.0,176.3861547556763,33.92316700046649,1388.3646250033053,58350.12216828479
1791646630,10,,Aggregated,4.300000,0.000000,130,170,200,250,320,430,750,840,1200,1400,1400,1240,0,130.0,176.1352415548484,33.92316700046649,1388.3646250033053,58261.3064516129
1791646631,10,,Aggregated,4.800000,0.000000,130,170,200,250,320,430,750,840,1200,1400,1400,1245,0,130.0,175.94298840884724,33.92316700046649,1388.3646250033053,58129.39598393574
1791646632,10,,Aggregated,4.400000,0.000000,130,170,200,250,320,430,750,840,1200,1400,1400,1249,0,130.0,176.0820828543025,33.92316700046649,1388.3646250033053,58412.43554843875
1791646633,10,,Aggregated,4.400000,0.000000,130,170,200,250,320,430,720,840,1200,1400,1400,1254,0,130.0,175.66318615950715,33.92316700046649,1388.3646250033053,58260.37480063796
1791646634,10,,Aggregated,4.900000,0.000000,130,170,200,250,320,430,720,840,1200,1400,1400,1261,0,130.0,176.0888389064383,33.92316700046649,1388.3646250033053,58041.70420301348
1791646635,10,,Aggregated,4.900000,0.000000,130,170,200,250,320,430,720,840,1200,1400,1400,1263,0,130.0,176.24160737293843,33.92316700046649,1388.3646250033053,57990.11243072051
1791646636,10,,Aggregated,4.600000,0.000000,130,170,200,250,320,430,720,840,1200,1400,1400,1269,0,130.0,176.21367079276746,33.92316700046649,1388.3646250033053,58188.416075650115
1791646637,10,,Aggregated,4.600000,0.000000,130,170,200,250,320,430,720,840,1200,1400,1400,1272,0,130.0,176.10030488995338,33.92316700046649,1388.3646250033053,58162.14779874214
1791646638,10,,Aggregated,4.600000,0.000000,130,170,200,250,320,430,720,840,1200,1400,1400,1277,0,130.0,176.02724199533216,33.92316700046649,1388.3646250033053,58131.719655442444
1791646639,10,,Aggregated,4.500000,0.000000,130,170,200,250,320,420,720,840,1200,1400,1400,1282,0,130.0,176.19145520206212,33.92316700046649,1388.3646250033053,58859.393135725426
1791646640,10,,Aggregated,4.800000,0.000000,130,170,200,250,320,420,720,840,1200,1400,1400,1285,0,130.0,176.04328033933098,33.92316700046649,1388.3646250033053,58767.682490272375
1791646641,10,,Aggregated,4.500000,0.000000,130,170,200,250,320,420,720,840,1200,1400,1400,1294,0,130.0,175.64933651162323,33.92316700046649,1388.3646250033053,58746.72488408037
1791646642,10,,Aggregated,4.700000,0.000000,130,170,200,250,320,420,720,840,1200,1400,1400,1298,0,130.0,175.4393850701399,33.92316700046649,1388.3646250033053,58725.647919876734
1791646643,10,,Aggregated,4.600000,0.000000,130,170,200,250,310,420,710,840,1200,1400,1400,1301,0,130.0,175.34575229673857,33.92316700046649,1388.3646250033053,58727.90161414297
1791646644,10,,Aggregated,4.800000,0.000000,130,170,200,250,310,420,710,840,1200,1400,1400,1307,0,130.0,175.2765243466337,33.92316700046649,1388.3646250033053,58963.53404743688
1791646645,10,,Aggregated,4.500000,0.000000,130,170,200,250,310,420,710,840,1200,1400,1400,1310,0,130.0,175.43899083057045,33.92316700046649,1388.3646250033053,59012.17404580153
1791646646,10,,Aggregated,4.500000,0.000000,130,170,200,250,310,420,710,840,1200,1400,1400,1314,0,130.0,175.1601013348844,33.92316700046649,1388.3646250033053,58909.7694063927
1791646647,10,,Aggregated,4.800000,0.000000,130,170,200,250,310,420,710,840,1200,1400,1400,1320,0,130.0,174.82225797731107,33.92316700046649,1388.3646250033053,58775.02954545455
1791646648,10,,Aggregated,4.800000,0.000000,130,170,200,250,310,420,710,840,1200,1400,1400,1325,0,130.0,174.69915313589087,33.92316700046649,1388.3646250033053,58633.14037735849
1791646649,10,,Aggregated,4.600000,0.000000,130,170,200,240,310,420,710,840,1200,1400,1400,1329,0,130.0,174.5126750286362,33.92316700046649,1388.3646250033053,58525.21068472536
1791646650,10,,Aggregated,4.600000,0.000000,130,170,200,240,310,420,710,840,1200,1400,1400,1335,0,130.0,174.2909656577174,33.92316700046649,1388.3646250033053,58469.89213483146
1791646651,10,,Aggregated,4.700000,0.000000,130,170,200,240,310,420,710,840,1200,1400,1400,1341,0,130.0,173.99365304701914,33.92316700046649,1388.3646250033053,58390.31319910515
1791646652,10,,Aggregated,4.500000,0.000000,130,170,200,240,310,420,710,840,1200,1400,1400,1344,0,130.0,173.93299205212728,33.92316700046649,1388.3646250033053,58277.01636904762
1791646653,10,,Aggregated,4.900000,0.000000,130,170,200,240,310,420,710,840,1200,1400,1400,1348,0,130.0,173.62461036799274,33.92316700046649,1388.3646250033053,58202.53931750742
1791646654,10,,Aggregated,4.500000,0.000000,130,170,200,240,310,420,690,840,1200,1400,1400,1354,0,130.0,173.65481421200153,33.92316700046649,1388.3646250033053,58524.72304283604
1791646655,10,,Aggregated,4.600000,0.000000,130,170,200,240,310,420,690,840,1200,1400,1400,1356,0,130.0,173.49663737245479,33.92316700046649,1388.3646250033053,58507.1401179941
1791646656,10,,Aggregated,4.700000,0.000000,130,170,200,240,310,420,690,840,1200,1400,1400,1361,0,130.0,173.3191953732907,33.92316700046649,1388.3646250033053,58508.70903747245
1791646657,10,,Aggregated,4.500000,0.000000,130,170,200,240,310,420,690,840,1200,1400,1400,1365,0,130.0,173.30301729820442,33.92316700046649,1388.3646250033053,58759.28937728938
1791646658,10,,Aggregated,4.600000,0.000000,130,170,200,240,310,420,690,840,1200,1400,1400,1368,0,130.0,173.1305906345401,33.92316700046649,1388.3646250033053,58735.038742690056
1791646659,10,,Aggregated,4.600000,0.000000,130,170,200,240,310,420,690,840,1200,1400,1400,1376,0,130.0,173.30542598333417,33.92316700046649,1388.3646250033053,58728.64462209302
1791646660,10,,Aggregated,4.400000,0.000000,130,170,200,240,310,420,690,840,1200,1400,1400,1379,0,130.0,173.19042088620586,33.92316700046649,1388.3646250033053,58641.356780275564
1791646661,10,,Aggregated,4.400000,0.000000,130,170,200,240,310,420,690,840,1200,1400,1400,1385,0,130.0,172.98040221593828,33.92316700046649,1388.3646250033053,58592.9393501805
1791646662,10,,Aggregated,4.800000,0.000000,130,170,200,240,310,420,690,840,1200,1400,1400,1388,0,130.0,172.98457852023418,33.92316700046649,1388.3646250033053,58886.60446685879
1791646663,10,,Aggregated,4.300000,0.000000,130,170,200,240,310,420,690,840,1200,1400,1400,1392,0,130.0,172.92952956399702,33.92316700046649,1388.3646250033053,58821.80603448276
1791646664,10,,Aggregated,4.400000,0.000000,130,170,200,240,310,420,690,840,1200,1400,1400,1397,0,130.0,172.83630833005603,33.92316700046649,1388.3646250033053,58696.89119541876
1791646665,10,,Aggregated,4.400000,0.000000,130,170,200,240,310,420,660,830,1200,1400,1400,1401,0,130.0,172.70468081376873,33.92316700046649,1388.3646250033053,58700.56316916488
