Type,Name,Request Count,Failure Count,Median Response Time,Average Response Time,Min Response Time,Max Response Time,Average Content Size,Requests/s,Failures/s,50%,66%,75%,80%,90%,95%,98%,99%,99.9%,99.99%,100%
POST,auth/login,1,0,364.73195800135727,364.73195800135727,364.73195800135727,364.73195800135727,4318.0,0.005669598749701043,0.0,360,360,360,360,360,360,360,360,360,360,360
GET,auth/me,1,0,43.00470800080802,43.00470800080802,43.00470800080802,43.00470800080802,4245.0,0.005669598749701043,0.0,43,43,43,43,43,43,43,43,43,43,43
GET,cross-tenant/financial-years [denied],1,0,35.458667000057176,35.458667000057176,35.458667000057176,35.458667000057176,47.0,0.005669598749701043,0.0,35,35,35,35,35,35,35,35,35,35,35
GET,dashboard/home-meta,7,0,83,89.2508569995698,75.86979099869495,135.68250000025728,14589.0,0.0396871912479073,0.0,83,85,85,85,140,140,140,140,140,140,140
GET,entity/context,5,0,69,72.8066416013462,56.66541599930497,95.03783300169744,766.0,0.028347993748505215,0.0,69,77,77,95,95,95,95,95,95,95,95
GET,entity/context [startup],1,0,56.365332999121165,56.365332999121165,56.365332999121165,56.365332999121165,766.0,0.005669598749701043,0.0,56,56,56,56,56,56,56,56,56,56,56
GET,purchase/invoices/list,1,0,273.1943329999922,273.1943329999922,273.1943329999922,273.1943329999922,522235.0,0.005669598749701043,0.0,270,270,270,270,270,270,270,270,270,270,270
GET,purchase/invoices/lookup,14,0,75,77.66119050003388,61.38291700335685,102.70125000170083,46545.0,0.0793743824958146,0.0,75,79,84,85,86,100,100,100,100,100,100
GET,reports/financial/daybook,10,0,190.0,192.1512625001924,173.36104200512636,206.34954100387404,36469.0,0.05669598749701043,0.0,200,200,200,200,210,210,210,210,210,210,210
GET,reports/financial/ledger-summary,5,0,100.0,103.46445859977393,95.4483750028885,110.85004199412651,5534.0,0.028347993748505215,0.0,100,110,110,110,110,110,110,110,110,110,110
GET,reports/gstr1/readiness,3,0,250.0,250.72975033253897,241.0974169979454,257.6728749991162,3754.0,0.01700879624910313,0.0,250,250,260,260,260,260,260,260,260,260,260
GET,reports/gstr1/summary,2,0,130.0,134.9087709968444,128.37083299382357,141.44670899986522,2718.0,0.011339197499402086,0.0,140,140,140,140,140,140,140,140,140,140,140
GET,reports/gstr3b/summary,3,0,290.0,348.3177640021798,272.83812500172644,477.4497500038706,5015.0,0.01700879624910313,0.0,290,290,480,480,480,480,480,480,480,480,480
GET,reports/payables/vendor-outstanding,5,0,130.0,130.01284159981878,123.87275000219233,141.63820799876703,14454.0,0.028347993748505215,0.0,130,130,130,140,140,140,140,140,140,140,140
GET,reports/payables/vendor-outstanding-voucher,4,0,130.0,138.73296899873822,128.50254200020572,162.97087499697227,14538.0,0.022678394998804172,0.0,130,130,160,160,160,160,160,160,160,160,160
GET,reports/receivables/aging-invoice,2,0,170.0,170.7336454983306,166.80033299780916,174.666957998852,199537.0,0.011339197499402086,0.0,170,170,170,170,170,170,170,170,170,170,170
GET,reports/receivables/aging-summary,7,0,140.0,139.52207142834337,121.85412499820814,156.72795799764572,4557.0,0.0396871912479073,0.0,140,140,150,150,160,160,160,160,160,160,160
GET,reports/receivables/open-items,3,0,150.9881670026516,155.12423666829514,150.9881670026516,161.89108400430996,149334.0,0.01700879624910313,0.0,150,150,160,160,160,160,160,160,160,160,160
GET,sales/invoices/lookup,12,0,99,98.39370816583444,86.18608300457709,106.50041699773283,47650.0,0.06803518499641252,0.0,100,100,100,100,110,110,110,110,110,110,110
,Aggregated,87,0,110.0,132.45759722974918,35.458667000057176,477.4497500038706,37867.747126436785,0.49325509122399075,0.0,110,140,160,170,210,270,360,480,480,480,480
